Year,Make,Model,Trim,Powertrain,Generation,MSRP_New_Est,Used_Price_Est_25K_mi,CPO_Available,MPG_City,MPG_Hwy,AWD_Standard,AEB_Standard,ACC_Standard,Physical_HVAC_Controls,NHTSA_Overall,IIHS_Rating,RepairPal_5,Cargo_2nd_Row_cuft,Max_Cargo_cuft,Fuel_cost_city_per_mile,Fuel_cost_hwy_per_mile,Scheduled_Maint_7yr,Unscheduled_Repair_7yr,Insurance_Annual,Resale_7yr
2018,Toyota,RAV4,LE,Gas,4th Gen,"$27,500","$14,500",No - Too Old,22,28,Yes (opt),Yes,Yes,Yes,5★,TSP,4.0/5.0,38.4,73.4,0.2,0.157,"$4,500","$3,200","$2,250","$7,500"
2018,Toyota,RAV4,XLE,Gas,4th Gen,"$29,800","$15,500",No - Too Old,22,28,Yes (opt),Yes,Yes,Yes,5★,TSP,4.0/5.0,38.4,73.4,0.2,0.157,"$4,500","$3,200","$2,250","$8,000"
2018,Toyota,RAV4,SE,Gas,4th Gen,"$32,500","$17,000",No - Too Old,22,28,Yes,Yes,Yes,Yes,5★,TSP,4.0/5.0,38.4,73.4,0.2,0.157,"$4,500","$3,200","$2,400","$9,000"
2018,Toyota,RAV4,Limited,Gas,4th Gen,"$36,500","$18,500",No - Too Old,22,28,Yes,Yes,Yes,Yes,5★,TSP,4.0/5.0,38.4,73.4,0.2,0.157,"$4,500","$3,200","$2,550","$10,000"
2018,Toyota,RAV4,Platinum,Gas,4th Gen,"$39,500","$20,000",No - Too Old,22,28,Yes,Yes,Yes,Yes,5★,TSP,4.0/5.0,38.4,73.4,0.2,0.157,"$4,500","$3,200","$2,550","$10,500"
2019,Toyota,RAV4,LE,Gas,5th Gen,"$28,000","$17,000",No - Too Old,27,33,Yes,Yes,Yes,Yes,5★,TSP+ (Limited/specific headlights only),4.0/5.0,37.5,69.8,0.163,0.133,"$4,500","$3,200","$2,250","$9,000"
2019,Toyota,RAV4,XLE,Gas,5th Gen,"$30,000","$18,500",No - Too Old,27,33,Yes,Yes,Yes,Yes,5★,TSP+ (Limited/specific headlights only),4.0/5.0,37.5,69.8,0.163,0.133,"$4,500","$3,200","$2,400","$10,000"
2019,Toyota,RAV4,XLE Premium,Gas,5th Gen,"$33,000","$20,000",No - Too Old,27,33,Yes,Yes,Yes,Yes,5★,TSP+ (Limited/specific headlights only),4.0/5.0,37.5,69.8,0.163,0.133,"$4,500","$3,200","$2,400","$10,500"
2019,Toyota,RAV4,Adventure,Gas,5th Gen,"$35,000","$20,500",No - Too Old,27,33,Yes,Yes,Yes,Yes,5★,TSP+ (Limited/specific headlights only),4.0/5.0,37.5,69.8,0.163,0.133,"$4,500","$3,200","$2,550","$11,000"
2019,Toyota,RAV4,Limited,Gas,5th Gen,"$38,000","$22,500",No - Too Old,27,33,Yes,Yes,Yes,Yes,5★,TSP+ (Limited/specific headlights only),4.0/5.0,37.5,69.8,0.163,0.133,"$4,500","$3,200","$2,550","$12,000"
2020,Toyota,RAV4,LE,Gas,5th Gen,"$29,000","$20,700",Yes,27,33,Yes,Yes,Yes,Yes,5★,TSP,4.0/5.0,37.5,69.8,0.163,0.133,"$3,800","$2,100","$2,250","$10,500"
2020,Toyota,RAV4,XLE,Gas,5th Gen,"$31,000","$22,200",Yes,27,33,Yes,Yes,Yes,Yes,5★,TSP,4.0/5.0,37.5,69.8,0.163,0.133,"$3,800","$2,100","$2,400","$11,000"
2020,Toyota,RAV4,XLE Premium,Gas,5th Gen,"$34,000","$23,700",Yes,27,33,Yes,Yes,Yes,Yes,5★,TSP,4.0/5.0,37.5,69.8,0.163,0.133,"$3,800","$2,100","$2,400","$12,000"
2020,Toyota,RAV4,Adventure,Gas,5th Gen,"$36,000","$24,200",Yes,27,33,Yes,Yes,Yes,Yes,5★,TSP,4.0/5.0,37.5,69.8,0.163,0.133,"$3,800","$2,100","$2,550","$12,000"
2020,Toyota,RAV4,TRD Off-Road,Gas,5th Gen,"$36,000","$24,200",Yes,27,33,Yes,Yes,Yes,Yes,5★,TSP,4.0/5.0,37.5,69.8,0.163,0.133,"$3,800","$2,100","$2,550","$12,000"
2020,Toyota,RAV4,Limited,Gas,5th Gen,"$39,000","$25,700",Yes,27,33,Yes,Yes,Yes,Yes,5★,TSP,4.0/5.0,37.5,69.8,0.163,0.133,"$3,800","$2,100","$2,550","$13,000"
2021,Toyota,RAV4,LE,Gas,5th Gen,"$30,000","$23,200",Yes,27,33,Yes,Yes,Yes,Yes,5★,TSP,4.0/5.0,37.5,69.8,0.163,0.133,"$3,800","$1,900","$2,400","$11,500"
2021,Toyota,RAV4,XLE,Gas,5th Gen,"$32,000","$24,700",Yes,27,33,Yes,Yes,Yes,Yes,5★,TSP,4.0/5.0,37.5,69.8,0.163,0.133,"$3,800","$1,900","$2,400","$12,500"
2021,Toyota,RAV4,XLE Premium,Gas,5th Gen,"$35,000","$26,700",Yes,27,33,Yes,Yes,Yes,Yes,5★,TSP,4.0/5.0,37.5,69.8,0.163,0.133,"$3,800","$1,900","$2,550","$13,500"
2021,Toyota,RAV4,Adventure,Gas,5th Gen,"$37,000","$27,200",Yes,27,33,Yes,Yes,Yes,Yes,5★,TSP,4.0/5.0,37.5,69.8,0.163,0.133,"$3,800","$1,900","$2,550","$14,000"
2021,Toyota,RAV4,TRD Off-Road,Gas,5th Gen,"$37,000","$27,200",Yes,27,33,Yes,Yes,Yes,Yes,5★,TSP,4.0/5.0,37.5,69.8,0.163,0.133,"$3,800","$1,900","$2,550","$14,000"
2021,Toyota,RAV4,Limited,Gas,5th Gen,"$40,000","$28,700",Yes,27,33,Yes,Yes,Yes,Yes,5★,TSP,4.0/5.0,37.5,69.8,0.163,0.133,"$3,800","$1,900","$2,700","$14,500"
2022,Toyota,RAV4,LE,Gas,5th Gen,"$30,500","$25,750",Yes,27,33,Yes,Yes,Yes,Yes,5★,TSP,4.0/5.0,37.5,69.8,0.163,0.133,"$3,800","$1,800","$2,400","$13,000"
2022,Toyota,RAV4,XLE,Gas,5th Gen,"$32,500","$27,250",Yes,27,33,Yes,Yes,Yes,Yes,5★,TSP,4.0/5.0,37.5,69.8,0.163,0.133,"$3,800","$1,800","$2,400","$14,000"
2022,Toyota,RAV4,XLE Premium,Gas,5th Gen,"$35,500","$29,250",Yes,27,33,Yes,Yes,Yes,Yes,5★,TSP,4.0/5.0,37.5,69.8,0.163,0.133,"$3,800","$1,800","$2,550","$15,000"
2022,Toyota,RAV4,Adventure,Gas,5th Gen,"$37,500","$30,250",Yes,27,33,Yes,Yes,Yes,Yes,5★,TSP,4.0/5.0,37.5,69.8,0.163,0.133,"$3,800","$1,800","$2,550","$15,500"
2022,Toyota,RAV4,TRD Off-Road,Gas,5th Gen,"$37,500","$30,250",Yes,27,33,Yes,Yes,Yes,Yes,5★,TSP,4.0/5.0,37.5,69.8,0.163,0.133,"$3,800","$1,800","$2,550","$15,500"
2022,Toyota,RAV4,Limited,Gas,5th Gen,"$41,000","$32,250",Yes,27,33,Yes,Yes,Yes,Yes,5★,TSP,4.0/5.0,37.5,69.8,0.163,0.133,"$3,800","$1,800","$2,700","$16,500"
2023,Toyota,RAV4,LE,Gas,5th Gen,"$31,000","$26,500",Yes,27,33,Yes,Yes,Yes,Yes,5★,TSP,4.0/5.0,37.5,69.8,0.163,0.133,"$3,800","$1,600","$2,400","$14,000"
2023,Toyota,RAV4,XLE,Gas,5th Gen,"$33,500","$28,500",Yes,27,33,Yes,Yes,Yes,Yes,5★,TSP,4.0/5.0,37.5,69.8,0.163,0.133,"$3,800","$1,600","$2,400","$15,000"
2023,Toyota,RAV4,XLE Premium,Gas,5th Gen,"$36,500","$30,500",Yes,27,33,Yes,Yes,Yes,Yes,5★,TSP,4.0/5.0,37.5,69.8,0.163,0.133,"$3,800","$1,600","$2,550","$16,000"
2023,Toyota,RAV4,Adventure,Gas,5th Gen,"$38,000","$31,500",Yes,27,33,Yes,Yes,Yes,Yes,5★,TSP,4.0/5.0,37.5,69.8,0.163,0.133,"$3,800","$1,600","$2,550","$16,500"
2023,Toyota,RAV4,TRD Off-Road,Gas,5th Gen,"$38,000","$31,500",Yes,27,33,Yes,Yes,Yes,Yes,5★,TSP,4.0/5.0,37.5,69.8,0.163,0.133,"$3,800","$1,600","$2,550","$16,500"
2023,Toyota,RAV4,Limited,Gas,5th Gen,"$41,500","$33,500",Yes,27,33,Yes,Yes,Yes,Yes,5★,TSP,4.0/5.0,37.5,69.8,0.163,0.133,"$3,800","$1,600","$2,700","$17,500"
2024,Toyota,RAV4,LE,Gas,5th Gen,"$31,500","$27,500",Yes,27,33,Yes,Yes,Yes,Yes,5★,TSP,4.0/5.0,37.5,69.8,0.163,0.133,"$3,800","$1,500","$2,400","$15,000"
2024,Toyota,RAV4,XLE,Gas,5th Gen,"$34,000","$29,500",Yes,27,33,Yes,Yes,Yes,Yes,5★,TSP,4.0/5.0,37.5,69.8,0.163,0.133,"$3,800","$1,500","$2,400","$16,000"
2024,Toyota,RAV4,XLE Premium,Gas,5th Gen,"$37,000","$31,500",Yes,27,33,Yes,Yes,Yes,Yes,5★,TSP,4.0/5.0,37.5,69.8,0.163,0.133,"$3,800","$1,500","$2,550","$17,000"
2024,Toyota,RAV4,Adventure,Gas,5th Gen,"$39,000","$33,000",Yes,27,33,Yes,Yes,Yes,Yes,5★,TSP,4.0/5.0,37.5,69.8,0.163,0.133,"$3,800","$1,500","$2,550","$18,000"
2024,Toyota,RAV4,TRD Off-Road,Gas,5th Gen,"$39,000","$33,000",Yes,27,33,Yes,Yes,Yes,Yes,5★,TSP,4.0/5.0,37.5,69.8,0.163,0.133,"$3,800","$1,500","$2,550","$18,000"
2024,Toyota,RAV4,Limited,Gas,5th Gen,"$42,000","$35,500",Yes,27,33,Yes,Yes,Yes,Yes,5★,TSP,4.0/5.0,37.5,69.8,0.163,0.133,"$3,800","$1,500","$2,700","$19,500"
2025,Toyota,RAV4,LE,Gas,5th Gen,"$32,500","$32,500",N/A - New,27,33,Yes,Yes,Yes,Yes,5★,,4.0/5.0,37.5,69.8,0.163,0.133,"$2,800","$1,100","$2,400","$17,000"
2025,Toyota,RAV4,XLE,Gas,5th Gen,"$35,000","$35,000",N/A - New,27,33,Yes,Yes,Yes,Yes,5★,,4.0/5.0,37.5,69.8,0.163,0.133,"$2,800","$1,100","$2,550","$18,500"
2025,Toyota,RAV4,XLE Premium,Gas,5th Gen,"$38,000","$38,000",N/A - New,27,33,Yes,Yes,Yes,Yes,5★,,4.0/5.0,37.5,69.8,0.163,0.133,"$2,800","$1,100","$2,550","$20,000"
2025,Toyota,RAV4,Adventure,Gas,5th Gen,"$40,000","$40,000",N/A - New,27,33,Yes,Yes,Yes,Yes,5★,,4.0/5.0,37.5,69.8,0.163,0.133,"$2,800","$1,100","$2,700","$21,000"
2025,Toyota,RAV4,TRD Off-Road,Gas,5th Gen,"$40,000","$40,000",N/A - New,27,33,Yes,Yes,Yes,Yes,5★,,4.0/5.0,37.5,69.8,0.163,0.133,"$2,800","$1,100","$2,700","$21,000"
2025,Toyota,RAV4,Limited,Gas,5th Gen,"$43,000","$43,000",N/A - New,27,33,Yes,Yes,Yes,Yes,5★,,4.0/5.0,37.5,69.8,0.163,0.133,"$2,800","$1,100","$2,700","$23,000"
2019,Toyota,RAV4 Hybrid,LE,Hybrid,5th Gen,"$28,800","$22,500",No - Too Old,41,38,Yes,Yes,Yes,Yes,5★,TSP,4.0/5.0,37.5,69.8,0.107,0.116,"$4,000","$3,100","$2,250","$12,500"
2019,Toyota,RAV4 Hybrid,XLE,Hybrid,5th Gen,"$31,500","$24,000",No - Too Old,41,38,Yes,Yes,Yes,Yes,5★,TSP,4.0/5.0,37.5,69.8,0.107,0.116,"$4,000","$3,100","$2,400","$13,000"
2019,Toyota,RAV4 Hybrid,XLE Premium,Hybrid,5th Gen,"$35,000","$26,500",No - Too Old,41,38,Yes,Yes,Yes,Yes,5★,TSP,4.0/5.0,37.5,69.8,0.107,0.116,"$4,000","$3,100","$2,550","$14,500"
2019,Toyota,RAV4 Hybrid,SE,Hybrid,5th Gen,"$34,500","$26,000",No - Too Old,41,38,Yes,Yes,Yes,Yes,5★,TSP,4.0/5.0,37.5,69.8,0.107,0.116,"$4,000","$3,100","$2,400","$14,500"
2019,Toyota,RAV4 Hybrid,Limited,Hybrid,5th Gen,"$38,500","$28,500",No - Too Old,41,38,Yes,Yes,Yes,Yes,5★,TSP,4.0/5.0,37.5,69.8,0.107,0.116,"$4,000","$3,100","$2,550","$15,500"
2020,Toyota,RAV4 Hybrid,LE,Hybrid,5th Gen,"$29,800","$26,700",Yes,41,38,Yes,Yes,Yes,Yes,5★,TSP,4.0/5.0,37.5,69.8,0.107,0.116,"$3,500","$2,000","$2,250","$14,000"
2020,Toyota,RAV4 Hybrid,XLE,Hybrid,5th Gen,"$32,500","$28,700",Yes,41,38,Yes,Yes,Yes,Yes,5★,TSP,4.0/5.0,37.5,69.8,0.107,0.116,"$3,500","$2,000","$2,400","$15,000"
2020,Toyota,RAV4 Hybrid,XLE Premium,Hybrid,5th Gen,"$36,000","$31,200",Yes,41,38,Yes,Yes,Yes,Yes,5★,TSP,4.0/5.0,37.5,69.8,0.107,0.116,"$3,500","$2,000","$2,550","$16,500"
2020,Toyota,RAV4 Hybrid,SE,Hybrid,5th Gen,"$35,500","$30,700",Yes,41,38,Yes,Yes,Yes,Yes,5★,TSP,4.0/5.0,37.5,69.8,0.107,0.116,"$3,500","$2,000","$2,550","$16,000"
2020,Toyota,RAV4 Hybrid,Limited,Hybrid,5th Gen,"$39,000","$33,200",Yes,41,38,Yes,Yes,Yes,Yes,5★,TSP,4.0/5.0,37.5,69.8,0.107,0.116,"$3,500","$2,000","$2,550","$17,500"
2021,Toyota,RAV4 Hybrid,LE,Hybrid,5th Gen,"$31,000","$28,700",Yes,41,38,Yes,Yes,Yes,Yes,5★,TSP,4.0/5.0,37.5,69.8,0.107,0.116,"$3,500","$1,800","$2,400","$15,000"
2021,Toyota,RAV4 Hybrid,XLE,Hybrid,5th Gen,"$33,500","$31,200",Yes,41,38,Yes,Yes,Yes,Yes,5★,TSP,4.0/5.0,37.5,69.8,0.107,0.116,"$3,500","$1,800","$2,400","$16,500"
2021,Toyota,RAV4 Hybrid,XLE Premium,Hybrid,5th Gen,"$37,000","$34,200",Yes,41,38,Yes,Yes,Yes,Yes,5★,TSP,4.0/5.0,37.5,69.8,0.107,0.116,"$3,500","$1,800","$2,550","$18,000"
2021,Toyota,RAV4 Hybrid,SE,Hybrid,5th Gen,"$36,500","$33,200",Yes,41,38,Yes,Yes,Yes,Yes,5★,TSP,4.0/5.0,37.5,69.8,0.107,0.116,"$3,500","$1,800","$2,550","$17,500"
2021,Toyota,RAV4 Hybrid,Limited,Hybrid,5th Gen,"$40,500","$36,700",Yes,41,38,Yes,Yes,Yes,Yes,5★,TSP,4.0/5.0,37.5,69.8,0.107,0.116,"$3,500","$1,800","$2,700","$19,500"
2022,Toyota,RAV4 Hybrid,LE,Hybrid,5th Gen,"$32,000","$27,000",Yes,41,38,Yes,Yes,Yes,Yes,5★,TSP,4.0/5.0,37.5,69.8,0.107,0.116,"$3,500","$1,700","$2,400","$16,500"
2022,Toyota,RAV4 Hybrid,XLE,Hybrid,5th Gen,"$34,500","$29,500",Yes,41,38,Yes,Yes,Yes,Yes,5★,TSP,4.0/5.0,37.5,69.8,0.107,0.116,"$3,500","$1,700","$2,400","$18,000"
2022,Toyota,RAV4 Hybrid,XLE Premium,Hybrid,5th Gen,"$38,000","$32,500",Yes,41,38,Yes,Yes,Yes,Yes,5★,TSP,4.0/5.0,37.5,69.8,0.107,0.116,"$3,500","$1,700","$2,550","$19,500"
2022,Toyota,RAV4 Hybrid,SE,Hybrid,5th Gen,"$37,500","$32,000",Yes,41,38,Yes,Yes,Yes,Yes,5★,TSP,4.0/5.0,37.5,69.8,0.107,0.116,"$3,500","$1,700","$2,550","$19,000"
2022,Toyota,RAV4 Hybrid,Limited,Hybrid,5th Gen,"$41,500","$35,000",Yes,41,38,Yes,Yes,Yes,Yes,5★,TSP,4.0/5.0,37.5,69.8,0.107,0.116,"$3,500","$1,700","$2,700","$21,000"
2023,Toyota,RAV4 Hybrid,LE,Hybrid,5th Gen,"$33,000","$28,000",Yes,41,38,Yes,Yes,Yes,Yes,5★,TSP+,4.0/5.0,37.5,69.8,0.107,0.116,"$3,500","$1,600","$2,400","$17,000"
2023,Toyota,RAV4 Hybrid,XLE,Hybrid,5th Gen,"$36,000","$30,500",Yes,41,38,Yes,Yes,Yes,Yes,5★,TSP+,4.0/5.0,37.5,69.8,0.107,0.116,"$3,500","$1,600","$2,550","$18,500"
2023,Toyota,RAV4 Hybrid,XLE Premium,Hybrid,5th Gen,"$39,000","$33,500",Yes,41,38,Yes,Yes,Yes,Yes,5★,TSP+,4.0/5.0,37.5,69.8,0.107,0.116,"$3,500","$1,600","$2,550","$20,000"
2023,Toyota,RAV4 Hybrid,SE,Hybrid,5th Gen,"$38,500","$33,000",Yes,41,38,Yes,Yes,Yes,Yes,5★,TSP+,4.0/5.0,37.5,69.8,0.107,0.116,"$3,500","$1,600","$2,550","$20,000"
2023,Toyota,RAV4 Hybrid,Limited,Hybrid,5th Gen,"$42,500","$36,500",Yes,41,38,Yes,Yes,Yes,Yes,5★,TSP+,4.0/5.0,37.5,69.8,0.107,0.116,"$3,500","$1,600","$2,700","$21,500"
2024,Toyota,RAV4 Hybrid,LE,Hybrid,5th Gen,"$33,500","$30,000",Yes,41,38,Yes,Yes,Yes,Yes,5★,TSP+,4.0/5.0,37.5,69.8,0.107,0.116,"$3,500","$1,400","$2,400","$18,000"
2024,Toyota,RAV4 Hybrid,XLE,Hybrid,5th Gen,"$37,000","$33,000",Yes,41,38,Yes,Yes,Yes,Yes,5★,TSP+,4.0/5.0,37.5,69.8,0.107,0.116,"$3,500","$1,400","$2,550","$20,000"
2024,Toyota,RAV4 Hybrid,XLE Premium,Hybrid,5th Gen,"$40,000","$36,000",Yes,41,38,Yes,Yes,Yes,Yes,5★,TSP+,4.0/5.0,37.5,69.8,0.107,0.116,"$3,500","$1,400","$2,700","$21,500"
2024,Toyota,RAV4 Hybrid,SE,Hybrid,5th Gen,"$39,500","$35,000",Yes,41,38,Yes,Yes,Yes,Yes,5★,TSP+,4.0/5.0,37.5,69.8,0.107,0.116,"$3,500","$1,400","$2,550","$21,000"
2024,Toyota,RAV4 Hybrid,Limited,Hybrid,5th Gen,"$43,500","$39,000",Yes,41,38,Yes,Yes,Yes,Yes,5★,TSP+,4.0/5.0,37.5,69.8,0.107,0.116,"$3,500","$1,400","$2,700","$23,000"
2025,Toyota,RAV4 Hybrid,LE,Hybrid,5th Gen,"$34,000","$34,000",N/A - New,41,38,Yes,Yes,Yes,Yes,5★,,4.0/5.0,37.5,69.8,0.107,0.116,"$2,500","$1,100","$2,400","$18,500"
2025,Toyota,RAV4 Hybrid,XLE,Hybrid,5th Gen,"$38,000","$38,000",N/A - New,41,38,Yes,Yes,Yes,Yes,5★,,4.0/5.0,37.5,69.8,0.107,0.116,"$2,500","$1,100","$2,550","$21,000"
2025,Toyota,RAV4 Hybrid,XLE Premium,Hybrid,5th Gen,"$41,000","$41,000",N/A - New,41,38,Yes,Yes,Yes,Yes,5★,,4.0/5.0,37.5,69.8,0.107,0.116,"$2,500","$1,100","$2,700","$22,500"
2025,Toyota,RAV4 Hybrid,SE,Hybrid,5th Gen,"$40,500","$40,500",N/A - New,41,38,Yes,Yes,Yes,Yes,5★,,4.0/5.0,37.5,69.8,0.107,0.116,"$2,500","$1,100","$2,700","$22,500"
2025,Toyota,RAV4 Hybrid,Limited,Hybrid,5th Gen,"$44,000","$44,000",N/A - New,41,38,Yes,Yes,Yes,Yes,5★,,4.0/5.0,37.5,69.8,0.107,0.116,"$2,500","$1,100","$2,700","$24,000"
2026,Toyota,RAV4 Hybrid,LE,Hybrid,1st Gen,31900,"$31,900",N/A - New,46,39,Yes,Yes,Yes,Yes,,,4.0/5.0,37.5,69.8,0.096,0.113,"$2,500","$1,100","$2,400","$17,500"
2026,Toyota,RAV4 Hybrid,XLE Premium,Hybrid,1st Gen,36100,"$36,100",N/A - New,45,38,Yes,Yes,Yes,Yes,,,4.0/5.0,37.5,69.8,0.098,0.116,"$2,500","$1,100","$2,550","$20,000"
2026,Toyota,RAV4 Hybrid,SE,Hybrid,1st Gen,34700,"$34,700",N/A - New,46,39,Yes,Yes,Yes,Yes,,,4.0/5.0,37.5,69.8,0.096,0.113,"$2,500","$1,100","$2,400","$19,000"
2026,Toyota,RAV4 Hybrid,Limited,Hybrid,1st Gen,43300,"$43,300",N/A - New,43,37,Yes,Yes,Yes,Yes,,,4.0/5.0,37.5,69.8,0.102,0.119,"$2,500","$1,100","$2,700","$24,000"
2021,Toyota,RAV4 Prime,SE,PHEV,5th Gen,"$38,100","$32,200",Yes,42,94 MPGe,Yes,Yes,Yes,Yes,5★,TSP+,4.0/5.0,33.5,63.1,0.092,0.095,"$3,700","$1,800","$2,650","$16,500"
2021,Toyota,RAV4 Prime,XSE,PHEV,5th Gen,"$40,700","$34,200",Yes,42,94 MPGe,Yes,Yes,Yes,Yes,5★,TSP+,4.0/5.0,33.5,63.1,0.092,0.095,"$3,700","$1,800","$2,800","$17,500"
2021,Toyota,RAV4 Prime,XSE Technology,PHEV,5th Gen,"$43,600","$37,200",Yes,42,94 MPGe,Yes,Yes,Yes,Yes,5★,TSP+,4.0/5.0,33.5,63.1,0.092,0.095,"$3,700","$1,800","$2,800","$19,000"
2022,Toyota,RAV4 Prime,SE,PHEV,5th Gen,"$39,000","$31,000",Yes,42,94 MPGe,Yes,Yes,Yes,Yes,5★,TSP+,4.0/5.0,33.5,63.1,0.092,0.095,"$3,700","$1,700","$2,650","$17,500"
2022,Toyota,RAV4 Prime,XSE,PHEV,5th Gen,"$41,500","$34,000",Yes,42,94 MPGe,Yes,Yes,Yes,Yes,5★,TSP+,4.0/5.0,33.5,63.1,0.092,0.095,"$3,700","$1,700","$2,800","$19,000"
2022,Toyota,RAV4 Prime,XSE Technology,PHEV,5th Gen,"$44,500","$37,500",Yes,42,94 MPGe,Yes,Yes,Yes,Yes,5★,TSP+,4.0/5.0,33.5,63.1,0.092,0.095,"$3,700","$1,700","$2,800","$21,000"
2023,Toyota,RAV4 Prime,SE,PHEV,5th Gen,"$40,000","$33,000",Yes,42,94 MPGe,Yes,Yes,Yes,Yes,5★,TSP+,4.0/5.0,33.5,63.1,0.092,0.095,"$3,700","$1,600","$2,800","$19,000"
2023,Toyota,RAV4 Prime,XSE,PHEV,5th Gen,"$43,000","$36,500",Yes,42,94 MPGe,Yes,Yes,Yes,Yes,5★,TSP+,4.0/5.0,33.5,63.1,0.092,0.095,"$3,700","$1,600","$2,800","$20,500"
2023,Toyota,RAV4 Prime,XSE Technology,PHEV,5th Gen,"$46,000","$40,000",Yes,42,94 MPGe,Yes,Yes,Yes,Yes,5★,TSP+,4.0/5.0,33.5,63.1,0.092,0.095,"$3,700","$1,600","$2,950","$22,500"
2024,Toyota,RAV4 Prime,SE,PHEV,5th Gen,"$42,000","$39,200",Yes,42,94 MPGe,Yes,Yes,Yes,Yes,5★,TSP+,4.0/5.0,33.5,63.1,0.092,0.095,"$3,700","$1,400","$2,800","$20,000"
2024,Toyota,RAV4 Prime,XSE,PHEV,5th Gen,"$45,000","$42,700",Yes,42,94 MPGe,Yes,Yes,Yes,Yes,5★,TSP+,4.0/5.0,33.5,63.1,0.092,0.095,"$3,700","$1,400","$2,950","$22,000"
2024,Toyota,RAV4 Prime,XSE Technology,PHEV,5th Gen,"$48,000","$46,200",Yes,42,94 MPGe,Yes,Yes,Yes,Yes,5★,TSP+,4.0/5.0,33.5,63.1,0.092,0.095,"$3,700","$1,400","$2,950","$24,000"
2025,Toyota,RAV4 Prime,SE,PHEV,5th Gen,"$42,500","$42,500",N/A - New,42,94 MPGe,Yes,Yes,Yes,Yes,5★,,4.0/5.0,33.5,63.1,0.092,0.095,"$2,700","$1,100","$2,800","$22,500"
2025,Toyota,RAV4 Prime,XSE,PHEV,5th Gen,"$45,500","$45,500",N/A - New,42,94 MPGe,Yes,Yes,Yes,Yes,5★,,4.0/5.0,33.5,63.1,0.092,0.095,"$2,700","$1,100","$2,950","$24,000"
2025,Toyota,RAV4 Prime,XSE Technology,PHEV,5th Gen,"$48,500","$48,500",N/A - New,42,94 MPGe,Yes,Yes,Yes,Yes,5★,,4.0/5.0,33.5,63.1,0.092,0.095,"$2,700","$1,100","$2,950","$25,500"
2026,Toyota,RAV4 Prime,SE,PHEV,TBD,41500,"$41,500",N/A - New,52,107 MPGe,Yes,Yes,Yes,Yes,,,4.0/5.0,33.5,63.1,0.075,0.079,"$2,700","$1,100","$2,800","$22,000"
2026,Toyota,RAV4 Prime,XSE,PHEV,TBD,47200,"$47,200",N/A - New,52,107 MPGe,Yes,Yes,Yes,Yes,,,4.0/5.0,33.5,63.1,0.075,0.079,"$2,700","$1,100","$2,950","$25,000"
2018,Subaru,Forester,2.5i,Gas,4th Gen,"$24,500","$11,000",No - Too Old,26,32,Yes,No,No,Yes,5★,TSP+,3.5/5.0,35.4,74.7,0.169,0.138,"$5,200","$4,800","$2,200","$5,000"
2018,Subaru,Forester,2.5i Premium,Gas,4th Gen,"$27,000","$13,000",No - Too Old,26,32,Yes,No (opt),No (opt),Yes,5★,TSP+,3.5/5.0,35.4,74.7,0.169,0.138,"$5,200","$4,800","$2,350","$6,000"
2018,Subaru,Forester,2.5i Sport,Gas,4th Gen,"$28,000","$14,000",No - Too Old,26,32,Yes,No (opt),No (opt),Yes,5★,TSP+,3.5/5.0,35.4,74.7,0.169,0.138,"$5,200","$4,800","$2,350","$6,500"
2018,Subaru,Forester,2.5i Limited,Gas,4th Gen,"$31,000","$16,500",No - Too Old,26,32,Yes,Yes,Yes,Yes,5★,TSP+,3.5/5.0,35.4,74.7,0.169,0.138,"$5,200","$4,800","$2,500","$7,500"
2018,Subaru,Forester,2.5i Touring,Gas,4th Gen,"$35,000","$19,000",No - Too Old,26,32,Yes,Yes,Yes,Yes,5★,TSP+,3.5/5.0,35.4,74.7,0.169,0.138,"$5,200","$4,800","$2,650","$8,500"
2018,Subaru,Forester,2.0XT Premium,Gas Turbo,4th Gen,"$31,000","$14,000",No - Too Old,23,29,Yes,No (opt),No (opt),Yes,5★,TSP+,3.5/5.0,35.4,74.7,0.191,0.152,"$5,200","$4,800","$2,500","$6,500"
2018,Subaru,Forester,2.0XT Touring,Gas Turbo,4th Gen,"$37,000","$17,000",No - Too Old,23,29,Yes,Yes,Yes,Yes,5★,TSP+,3.5/5.0,35.4,74.7,0.191,0.152,"$5,200","$4,800","$2,650","$7,500"
2019,Subaru,Forester,Base,Gas,5th Gen,"$24,500","$14,500",No - Too Old,26,33,Yes,No,No,Yes,5★,TSP+,3.5/5.0,35.4,74.4,0.169,0.133,"$5,200","$4,800","$2,200","$6,500"
2019,Subaru,Forester,Premium,Gas,5th Gen,"$27,000","$16,500",No - Too Old,26,33,Yes,Yes,Yes,Yes,5★,TSP+,3.5/5.0,35.4,74.4,0.169,0.133,"$5,200","$4,800","$2,350","$7,500"
2019,Subaru,Forester,Sport,Gas,5th Gen,"$29,000","$17,500",No - Too Old,26,33,Yes,Yes,Yes,Yes,5★,TSP+,3.5/5.0,35.4,74.4,0.169,0.133,"$5,200","$4,800","$2,350","$8,000"
2019,Subaru,Forester,Limited,Gas,5th Gen,"$32,000","$19,500",No - Too Old,26,33,Yes,Yes,Yes,Yes,5★,TSP+,3.5/5.0,35.4,74.4,0.169,0.133,"$5,200","$4,800","$2,500","$9,000"
2019,Subaru,Forester,Touring,Gas,5th Gen,"$36,000","$22,000",No - Too Old,26,33,Yes,Yes,Yes,Yes,5★,TSP+,3.5/5.0,35.4,74.4,0.169,0.133,"$5,200","$4,800","$2,650","$10,000"
2020,Subaru,Forester,Base,Gas,5th Gen,"$25,000","$16,000",No - Too Old,26,33,Yes,Yes,Yes,Yes,5★,TSP+,3.5/5.0,35.4,74.4,0.169,0.133,"$5,200","$4,800","$2,350","$7,500"
2020,Subaru,Forester,Premium,Gas,5th Gen,"$27,500","$18,000",No - Too Old,26,33,Yes,Yes,Yes,Yes,5★,TSP+,3.5/5.0,35.4,74.4,0.169,0.133,"$5,200","$4,800","$2,350","$8,000"
2020,Subaru,Forester,Sport,Gas,5th Gen,"$29,500","$19,500",No - Too Old,26,33,Yes,Yes,Yes,Yes,5★,TSP+,3.5/5.0,35.4,74.4,0.169,0.133,"$5,200","$4,800","$2,350","$9,000"
2020,Subaru,Forester,Limited,Gas,5th Gen,"$33,000","$22,000",No - Too Old,26,33,Yes,Yes,Yes,Yes,5★,TSP+,3.5/5.0,35.4,74.4,0.169,0.133,"$5,200","$4,800","$2,500","$10,000"
2020,Subaru,Forester,Touring,Gas,5th Gen,"$37,000","$24,500",No - Too Old,26,33,Yes,Yes,Yes,Yes,5★,TSP+,3.5/5.0,35.4,74.4,0.169,0.133,"$5,200","$4,800","$2,650","$11,000"
2021,Subaru,Forester,Base,Gas,5th Gen,"$25,500","$18,000",No - Too Old,26,33,Yes,Yes,Yes,Yes,5★,TSP+,3.5/5.0,35.4,74.4,0.169,0.133,"$5,200","$4,800","$2,350","$8,000"
2021,Subaru,Forester,Premium,Gas,5th Gen,"$28,000","$20,000",No - Too Old,26,33,Yes,Yes,Yes,Yes,5★,TSP+,3.5/5.0,35.4,74.4,0.169,0.133,"$5,200","$4,800","$2,350","$9,000"
2021,Subaru,Forester,Sport,Gas,5th Gen,"$30,000","$22,000",No - Too Old,26,33,Yes,Yes,Yes,Yes,5★,TSP+,3.5/5.0,35.4,74.4,0.169,0.133,"$5,200","$4,800","$2,500","$10,000"
2021,Subaru,Forester,Limited,Gas,5th Gen,"$33,500","$24,500",No - Too Old,26,33,Yes,Yes,Yes,Yes,5★,TSP+,3.5/5.0,35.4,74.4,0.169,0.133,"$5,200","$4,800","$2,500","$11,000"
2021,Subaru,Forester,Touring,Gas,5th Gen,"$37,500","$27,000",No - Too Old,26,33,Yes,Yes,Yes,Yes,5★,TSP+,3.5/5.0,35.4,74.4,0.169,0.133,"$5,200","$4,800","$2,650","$12,500"
2022,Subaru,Forester,Base,Gas,5th Gen,"$26,000","$24,000",Yes,26,33,Yes,Yes,Yes,Yes,5★,TSP+,3.5/5.0,35.4,74.4,0.169,0.133,"$4,200","$3,000","$2,350","$10,000"
2022,Subaru,Forester,Premium,Gas,5th Gen,"$29,000","$26,000",Yes,26,33,Yes,Yes,Yes,Yes,5★,TSP+,3.5/5.0,35.4,74.4,0.169,0.133,"$4,200","$3,000","$2,350","$11,000"
2022,Subaru,Forester,Sport,Gas,5th Gen,"$31,000","$28,000",Yes,26,33,Yes,Yes,Yes,Yes,5★,TSP+,3.5/5.0,35.4,74.4,0.169,0.133,"$4,200","$3,000","$2,500","$12,000"
2022,Subaru,Forester,Limited,Gas,5th Gen,"$34,500","$30,500",Yes,26,33,Yes,Yes,Yes,Yes,5★,TSP+,3.5/5.0,35.4,74.4,0.169,0.133,"$4,200","$3,000","$2,500","$13,000"
2022,Subaru,Forester,Touring,Gas,5th Gen,"$38,500","$33,500",Yes,26,33,Yes,Yes,Yes,Yes,5★,TSP+,3.5/5.0,35.4,74.4,0.169,0.133,"$4,200","$3,000","$2,650","$14,500"
2022,Subaru,Forester,Wilderness,Gas,5th Gen,"$33,000","$29,000",Yes,26,31,Yes,Yes,Yes,Yes,5★,TSP+,3.5/5.0,35.4,74.4,0.169,0.142,"$4,200","$3,000","$2,500","$12,500"
2023,Subaru,Forester,Base,Gas,5th Gen,"$27,000","$25,500",Yes,26,33,Yes,Yes,Yes,Yes,5★,TSP+,3.5/5.0,35.4,74.4,0.169,0.133,"$4,200","$2,800","$2,350","$11,500"
2023,Subaru,Forester,Premium,Gas,5th Gen,"$30,000","$28,000",Yes,26,33,Yes,Yes,Yes,Yes,5★,TSP+,3.5/5.0,35.4,74.4,0.169,0.133,"$4,200","$2,800","$2,500","$12,500"
2023,Subaru,Forester,Sport,Gas,5th Gen,"$32,000","$30,000",Yes,26,33,Yes,Yes,Yes,Yes,5★,TSP+,3.5/5.0,35.4,74.4,0.169,0.133,"$4,200","$2,800","$2,500","$13,500"
2023,Subaru,Forester,Limited,Gas,5th Gen,"$35,000","$32,500",Yes,26,33,Yes,Yes,Yes,Yes,5★,TSP+,3.5/5.0,35.4,74.4,0.169,0.133,"$4,200","$2,800","$2,650","$14,500"
2023,Subaru,Forester,Touring,Gas,5th Gen,"$39,000","$36,000",Yes,26,33,Yes,Yes,Yes,Yes,5★,TSP+,3.5/5.0,35.4,74.4,0.169,0.133,"$4,200","$2,800","$2,650","$16,000"
2023,Subaru,Forester,Wilderness,Gas,5th Gen,"$34,000","$31,000",Yes,26,31,Yes,Yes,Yes,Yes,5★,TSP+,3.5/5.0,35.4,74.4,0.169,0.142,"$4,200","$2,800","$2,500","$14,000"
2024,Subaru,Forester,Base,Gas,5th Gen,"$28,000","$27,700",Yes,26,33,Yes,Yes,Yes,Yes,5★,TSP,3.5/5.0,35.4,74.4,0.169,0.133,"$4,200","$2,300","$2,350","$12,000"
2024,Subaru,Forester,Premium,Gas,5th Gen,"$31,000","$30,200",Yes,26,33,Yes,Yes,Yes,Yes,5★,TSP,3.5/5.0,35.4,74.4,0.169,0.133,"$4,200","$2,300","$2,500","$13,000"
2024,Subaru,Forester,Sport,Gas,5th Gen,"$33,000","$32,200",Yes,26,33,Yes,Yes,Yes,Yes,5★,TSP,3.5/5.0,35.4,74.4,0.169,0.133,"$4,200","$2,300","$2,500","$14,000"
2024,Subaru,Forester,Limited,Gas,5th Gen,"$36,000","$34,700",Yes,26,33,Yes,Yes,Yes,Yes,5★,TSP,3.5/5.0,35.4,74.4,0.169,0.133,"$4,200","$2,300","$2,650","$15,000"
2024,Subaru,Forester,Touring,Gas,5th Gen,"$40,000","$38,200",Yes,26,33,Yes,Yes,Yes,Yes,5★,TSP,3.5/5.0,35.4,74.4,0.169,0.133,"$4,200","$2,300","$2,800","$17,000"
2024,Subaru,Forester,Wilderness,Gas,5th Gen,"$35,000","$33,200",Yes,26,31,Yes,Yes,Yes,Yes,5★,TSP,3.5/5.0,35.4,74.4,0.169,0.142,"$4,200","$2,300","$2,650","$14,500"
2025,Subaru,Forester,Base,Gas,6th Gen,"$30,000","$30,000",N/A - New,26,33,Yes,Yes,Yes,Yes,5★,TSP+,3.5/5.0,29.6,74.4,0.169,0.133,"$3,000","$1,600","$2,500","$13,500"
2025,Subaru,Forester,Premium,Gas,6th Gen,"$33,000","$33,000",N/A - New,26,33,Yes,Yes,Yes,Yes,5★,TSP+,3.5/5.0,27.5,69.1,0.169,0.133,"$3,000","$1,600","$2,500","$15,000"
2025,Subaru,Forester,Sport,Gas,6th Gen,"$35,000","$35,000",N/A - New,25,32,Yes,Yes,Yes,Yes,5★,TSP+,3.5/5.0,27.5,69.1,0.176,0.138,"$3,000","$1,600","$2,650","$16,000"
2025,Subaru,Forester,Limited,Gas,6th Gen,"$38,000","$38,000",N/A - New,25,32,Yes,Yes,Yes,Yes,5★,TSP+,3.5/5.0,27.5,69.1,0.176,0.138,"$3,000","$1,600","$2,650","$17,500"
2025,Subaru,Forester,Touring,Gas,6th Gen,"$42,000","$42,000",N/A - New,25,32,Yes,Yes,Yes,Yes,5★,TSP+,3.5/5.0,27.5,69.1,0.176,0.138,"$3,000","$1,600","$2,800","$19,000"
2025,Subaru,Forester,Wilderness,Gas,6th Gen,"$37,000","$37,000",N/A - New,25,28,Yes,Yes,Yes,Yes,5★,TSP+,3.5/5.0,29.6,74.4,0.176,0.157,"$3,000","$1,600","$2,650","$17,000"
2026,Subaru,Forester,Base,Gas,6th Gen,"$31,500","$31,500",N/A - New,26,33,Yes,Yes,Yes,Yes,,TSP+,3.5/5.0,29.6,74.4,0.169,0.133,"$3,000","$1,600","$2,500","$14,500"
2026,Subaru,Forester,Premium,Gas,6th Gen,"$34,500","$34,500",N/A - New,26,33,Yes,Yes,Yes,Yes,,TSP+,3.5/5.0,27.5,69.1,0.169,0.133,"$3,000","$1,600","$2,500","$15,500"
2026,Subaru,Forester,Sport,Gas,6th Gen,"$36,500","$36,500",N/A - New,25,32,Yes,Yes,Yes,Yes,,TSP+,3.5/5.0,27.5,69.1,0.176,0.138,"$3,000","$1,600","$2,650","$16,500"
2026,Subaru,Forester,Limited,Gas,6th Gen,"$39,500","$39,500",N/A - New,25,32,Yes,Yes,Yes,Yes,,TSP+,3.5/5.0,27.5,69.1,0.176,0.138,"$3,000","$1,600","$2,650","$18,000"
2026,Subaru,Forester,Touring,Gas,6th Gen,"$43,500","$43,500",N/A - New,25,32,Yes,Yes,Yes,Yes,,TSP+,3.5/5.0,27.5,69.1,0.176,0.138,"$3,000","$1,600","$2,800","$20,000"
2026,Subaru,Forester,Wilderness,Gas,6th Gen,"$38,500","$38,500",N/A - New,24,28,Yes,Yes,Yes,Yes,,TSP+,3.5/5.0,29.6,74.4,0.183,0.157,"$3,000","$1,600","$2,650","$17,500"
2018,Honda,CR-V,LX,Gas,5th Gen,"$27,500","$18,500",No - Too Old,27,33,Yes (opt),No,No,Yes,5★,TSP+,4.5/5.0,39.2,75.8,0.163,0.133,"$4,500","$3,100","$2,300","$10,000"
2018,Honda,CR-V,EX,Gas,5th Gen,"$29,500","$19,500",No - Too Old,27,33,Yes (opt),Yes,Yes,Yes,5★,TSP+,4.5/5.0,39.2,75.8,0.163,0.133,"$4,500","$3,100","$2,300","$10,500"
2018,Honda,CR-V,EX-L,Gas,5th Gen,"$31,500","$20,500",No - Too Old,27,33,Yes (opt),Yes,Yes,Yes,5★,TSP+,4.5/5.0,39.2,75.8,0.163,0.133,"$4,500","$3,100","$2,400","$11,000"
2018,Honda,CR-V,Touring,Gas,5th Gen,"$34,500","$22,000",No - Too Old,27,33,Yes (opt),Yes,Yes,Yes,5★,TSP+,4.5/5.0,39.2,75.8,0.163,0.133,"$4,500","$3,100","$2,400","$11,500"
2019,Honda,CR-V,LX,Gas,5th Gen,"$28,000","$19,500",No - Too Old,27,33,Yes (opt),No,No,Yes,5★,TSP+,4.5/5.0,39.2,75.8,0.163,0.133,"$4,500","$3,100","$2,300","$10,500"
2019,Honda,CR-V,EX,Gas,5th Gen,"$30,000","$20,500",No - Too Old,27,33,Yes (opt),Yes,Yes,Yes,5★,TSP+,4.5/5.0,39.2,75.8,0.163,0.133,"$4,500","$3,100","$2,400","$11,000"
2019,Honda,CR-V,EX-L,Gas,5th Gen,"$32,000","$21,500",No - Too Old,27,33,Yes (opt),Yes,Yes,Yes,5★,TSP+,4.5/5.0,39.2,75.8,0.163,0.133,"$4,500","$3,100","$2,400","$11,500"
2019,Honda,CR-V,Touring,Gas,5th Gen,"$35,000","$23,000",No - Too Old,27,33,Yes (opt),Yes,Yes,Yes,5★,TSP+,4.5/5.0,39.2,75.8,0.163,0.133,"$4,500","$3,100","$2,600","$12,000"
2020,Honda,CR-V,LX,Gas,5th Gen,"$28,500","$20,500",No - Too Old,27,33,Yes (opt),Yes,Yes,Yes,5★,TSP+,4.5/5.0,39.2,75.8,0.163,0.133,"$4,500","$3,100","$2,300","$11,000"
2020,Honda,CR-V,EX,Gas,5th Gen,"$30,500","$21,500",No - Too Old,27,33,Yes (opt),Yes,Yes,Yes,5★,TSP+,4.5/5.0,39.2,75.8,0.163,0.133,"$4,500","$3,100","$2,400","$11,500"
2020,Honda,CR-V,EX-L,Gas,5th Gen,"$32,500","$23,000",No - Too Old,27,33,Yes (opt),Yes,Yes,Yes,5★,TSP+,4.5/5.0,39.2,75.8,0.163,0.133,"$4,500","$3,100","$2,400","$12,000"
2020,Honda,CR-V,Touring,Gas,5th Gen,"$35,500","$25,000",No - Too Old,27,33,Yes (opt),Yes,Yes,Yes,5★,TSP+,4.5/5.0,39.2,75.8,0.163,0.133,"$4,500","$3,100","$2,600","$13,000"
2021,Honda,CR-V,LX,Gas,5th Gen,"$29,000","$22,000",Yes,27,33,Yes (opt),Yes,Yes,Yes,5★,TSP+,4.5/5.0,39.2,75.8,0.163,0.133,"$3,800","$1,800","$2,300","$11,500"
2021,Honda,CR-V,EX,Gas,5th Gen,"$31,000","$23,500",Yes,27,33,Yes (opt),Yes,Yes,Yes,5★,TSP+,4.5/5.0,39.2,75.8,0.163,0.133,"$3,800","$1,800","$2,400","$12,000"
2021,Honda,CR-V,EX-L,Gas,5th Gen,"$33,000","$24,500",Yes,27,33,Yes (opt),Yes,Yes,Yes,5★,TSP+,4.5/5.0,39.2,75.8,0.163,0.133,"$3,800","$1,800","$2,400","$12,500"
2021,Honda,CR-V,Touring,Gas,5th Gen,"$36,000","$27,000",Yes,27,33,Yes (opt),Yes,Yes,Yes,5★,TSP+,4.5/5.0,39.2,75.8,0.163,0.133,"$3,800","$1,800","$2,600","$14,000"
2022,Honda,CR-V,LX,Gas,5th Gen,"$29,500","$23,500",Yes,27,33,Yes (opt),Yes,Yes,Yes,5★,TSP+,4.5/5.0,39.2,75.8,0.163,0.133,"$3,800","$1,700","$2,300","$11,500"
2022,Honda,CR-V,EX,Gas,5th Gen,"$31,500","$25,000",Yes,27,33,Yes (opt),Yes,Yes,Yes,5★,TSP+,4.5/5.0,39.2,75.8,0.163,0.133,"$3,800","$1,700","$2,400","$12,500"
2022,Honda,CR-V,EX-L,Gas,5th Gen,"$33,500","$26,500",Yes,27,33,Yes (opt),Yes,Yes,Yes,5★,TSP+,4.5/5.0,39.2,75.8,0.163,0.133,"$3,800","$1,700","$2,400","$13,000"
2022,Honda,CR-V,Touring,Gas,5th Gen,"$37,000","$29,000",Yes,27,33,Yes (opt),Yes,Yes,Yes,5★,TSP+,4.5/5.0,39.2,75.8,0.163,0.133,"$3,800","$1,700","$2,600","$14,500"
2023,Honda,CR-V,LX,Gas,6th Gen,"$31,000","$26,500",Yes,27,33,Yes (opt),Yes,Yes,Yes,5★,TSP+,4.5/5.0,39.3,76.5,0.163,0.133,"$3,800","$1,600","$2,400","$13,000"
2023,Honda,CR-V,EX,Gas,6th Gen,"$33,000","$27,500",Yes,27,33,Yes (opt),Yes,Yes,Yes,5★,TSP+,4.5/5.0,39.3,76.5,0.163,0.133,"$3,800","$1,600","$2,400","$14,000"
2023,Honda,CR-V,EX-L,Gas,6th Gen,"$35,500","$29,000",Yes,27,33,Yes (opt),Yes,Yes,Yes,5★,TSP+,4.5/5.0,39.3,76.5,0.163,0.133,"$3,800","$1,600","$2,600","$14,500"
2023,Honda,CR-V,Sport,Gas,6th Gen,"$34,000","$29,500",Yes,27,33,Yes (opt),Yes,Yes,Yes,5★,TSP+,4.5/5.0,39.3,76.5,0.163,0.133,"$3,800","$1,600","$2,400","$15,000"
2023,Honda,CR-V,Sport-L,Gas,6th Gen,"$37,000","$30,500",Yes,27,33,Yes (opt),Yes,Yes,Yes,5★,TSP+,4.5/5.0,39.3,76.5,0.163,0.133,"$3,800","$1,600","$2,600","$15,500"
2023,Honda,CR-V,Sport Touring,Gas,6th Gen,"$40,000","$30,500",Yes,27,33,Yes (opt),Yes,Yes,Yes,5★,TSP+,4.5/5.0,39.3,76.5,0.163,0.133,"$3,800","$1,600","$2,700","$15,500"
2024,Honda,CR-V,LX,Gas,6th Gen,"$31,500","$28,200",Yes,27,33,Yes (opt),Yes,Yes,Yes,5★,TSP+,4.5/5.0,39.3,76.5,0.163,0.133,"$3,800","$1,400","$2,400","$14,500"
2024,Honda,CR-V,EX,Gas,6th Gen,"$33,500","$29,200",Yes,27,33,Yes (opt),Yes,Yes,Yes,5★,TSP+,4.5/5.0,39.3,76.5,0.163,0.133,"$3,800","$1,400","$2,400","$15,000"
2024,Honda,CR-V,EX-L,Gas,6th Gen,"$36,000","$31,200",Yes,27,33,Yes (opt),Yes,Yes,Yes,5★,TSP+,4.5/5.0,39.3,76.5,0.163,0.133,"$3,800","$1,400","$2,600","$16,000"
2024,Honda,CR-V,Sport,Gas,6th Gen,"$34,500","$28,700",Yes,27,33,Yes (opt),Yes,Yes,Yes,5★,TSP+,4.5/5.0,39.3,76.5,0.163,0.133,"$3,800","$1,400","$2,400","$14,500"
2024,Honda,CR-V,Sport-L,Gas,6th Gen,"$37,500","$30,200",Yes,27,33,Yes (opt),Yes,Yes,Yes,5★,TSP+,4.5/5.0,39.3,76.5,0.163,0.133,"$3,800","$1,400","$2,600","$15,500"
2024,Honda,CR-V,Sport Touring,Gas,6th Gen,"$40,500","$31,700",Yes,27,33,Yes (opt),Yes,Yes,Yes,5★,TSP+,4.5/5.0,39.3,76.5,0.163,0.133,"$3,800","$1,400","$2,700","$16,000"
2025,Honda,CR-V,LX,Gas,6th Gen,"$32,000","$32,000",N/A - New,27,33,Yes (opt),Yes,Yes,Yes,5★,TSP+,4.5/5.0,39.3,76.5,0.163,0.133,"$2,800","$1,100","$2,400","$17,000"
2025,Honda,CR-V,EX,Gas,6th Gen,"$34,000","$34,000",N/A - New,27,33,Yes (opt),Yes,Yes,Yes,5★,TSP+,4.5/5.0,39.3,76.5,0.163,0.133,"$2,800","$1,100","$2,400","$18,000"
2025,Honda,CR-V,EX-L,Gas,6th Gen,"$36,500","$36,500",N/A - New,27,33,Yes (opt),Yes,Yes,Yes,5★,TSP+,4.5/5.0,39.3,76.5,0.163,0.133,"$2,800","$1,100","$2,600","$19,500"
2025,Honda,CR-V,Sport,Gas,6th Gen,"$35,000","$35,000",N/A - New,27,33,Yes (opt),Yes,Yes,Yes,5★,TSP+,4.5/5.0,39.3,76.5,0.163,0.133,"$2,800","$1,100","$2,600","$18,500"
2025,Honda,CR-V,Sport-L,Gas,6th Gen,"$38,000","$38,000",N/A - New,27,33,Yes (opt),Yes,Yes,Yes,5★,TSP+,4.5/5.0,39.3,76.5,0.163,0.133,"$2,800","$1,100","$2,600","$20,000"
2025,Honda,CR-V,Sport Touring,Gas,6th Gen,"$41,000","$41,000",N/A - New,27,33,Yes (opt),Yes,Yes,Yes,5★,TSP+,4.5/5.0,39.3,76.5,0.163,0.133,"$2,800","$1,100","$2,700","$21,500"
2026,Honda,CR-V,LX,Gas,6th Gen,"$32,500","$32,500",N/A - New,27,33,Yes (opt),Yes,Yes,Yes,5★,TSP+,4.5/5.0,39.3,76.5,0.163,0.133,"$2,800","$1,100","$2,400","$17,000"
2026,Honda,CR-V,EX,Gas,6th Gen,"$34,500","$34,500",N/A - New,27,33,Yes (opt),Yes,Yes,Yes,5★,TSP+,4.5/5.0,39.3,76.5,0.163,0.133,"$2,800","$1,100","$2,400","$18,500"
2026,Honda,CR-V,EX-L,Gas,6th Gen,"$37,000","$37,000",N/A - New,27,33,Yes (opt),Yes,Yes,Yes,5★,TSP+,4.5/5.0,39.3,76.5,0.163,0.133,"$2,800","$1,100","$2,600","$19,500"
2026,Honda,CR-V,Sport,Gas,6th Gen,"$35,500","$35,500",N/A - New,27,33,Yes (opt),Yes,Yes,Yes,5★,TSP+,4.5/5.0,39.3,76.5,0.163,0.133,"$2,800","$1,100","$2,600","$19,000"
2026,Honda,CR-V,Sport-L,Gas,6th Gen,"$38,500","$38,500",N/A - New,27,33,Yes (opt),Yes,Yes,Yes,5★,TSP+,4.5/5.0,39.3,76.5,0.163,0.133,"$2,800","$1,100","$2,600","$20,500"
2026,Honda,CR-V,Sport Touring,Gas,6th Gen,"$41,500","$41,500",N/A - New,27,33,Yes (opt),Yes,Yes,Yes,5★,TSP+,4.5/5.0,39.3,76.5,0.163,0.133,"$2,800","$1,100","$2,700","$22,000"
2020,Honda,CR-V,EX Hybrid,Hybrid,5th Gen,"$31,000","$24,000",No - Too Old,40,35,Yes,Yes,Yes,Yes,5★,TSP+,4.5/5.0,39.2,75.8,0.11,0.126,"$4,000","$2,900","$2,400","$13,000"
2020,Honda,CR-V,EX-L Hybrid,Hybrid,5th Gen,"$33,500","$23,500",No - Too Old,40,35,Yes,Yes,Yes,Yes,5★,TSP+,4.5/5.0,39.2,75.8,0.11,0.126,"$4,000","$2,900","$2,400","$13,000"
2020,Honda,CR-V,Touring Hybrid,Hybrid,5th Gen,"$37,000","$25,500",No - Too Old,40,35,Yes,Yes,Yes,Yes,5★,TSP+,4.5/5.0,39.2,75.8,0.11,0.126,"$4,000","$2,900","$2,600","$14,000"
2021,Honda,CR-V,EX Hybrid,Hybrid,5th Gen,"$32,000","$25,000",Yes,40,35,Yes,Yes,Yes,Yes,5★,TSP+,4.5/5.0,39.2,75.8,0.11,0.126,"$3,500","$1,800","$2,400","$13,500"
2021,Honda,CR-V,EX-L Hybrid,Hybrid,5th Gen,"$34,500","$26,000",Yes,40,35,Yes,Yes,Yes,Yes,5★,TSP+,4.5/5.0,39.2,75.8,0.11,0.126,"$3,500","$1,800","$2,400","$14,000"
2021,Honda,CR-V,Touring Hybrid,Hybrid,5th Gen,"$38,000","$27,500",Yes,40,35,Yes,Yes,Yes,Yes,5★,TSP+,4.5/5.0,39.2,75.8,0.11,0.126,"$3,500","$1,800","$2,600","$15,000"
2022,Honda,CR-V,EX Hybrid,Hybrid,5th Gen,"$33,000","$29,000",Yes,40,35,Yes,Yes,Yes,Yes,5★,TSP+,4.5/5.0,39.2,75.8,0.11,0.126,"$3,500","$1,600","$2,400","$15,000"
2022,Honda,CR-V,EX-L Hybrid,Hybrid,5th Gen,"$35,500","$29,500",Yes,40,35,Yes,Yes,Yes,Yes,5★,TSP+,4.5/5.0,39.2,75.8,0.11,0.126,"$3,500","$1,600","$2,600","$15,000"
2022,Honda,CR-V,Touring Hybrid,Hybrid,5th Gen,"$39,000","$30,500",Yes,40,35,Yes,Yes,Yes,Yes,5★,TSP+,4.5/5.0,39.2,75.8,0.11,0.126,"$3,500","$1,600","$2,600","$15,500"
2023,Honda,CR-V,EX-L Hybrid,Hybrid,6th Gen,"$37,500","$30,500",Yes,43,36,Yes,Yes,Yes,Yes,5★,TSP+,4.5/5.0,39.3,76.5,0.102,0.122,"$3,500","$1,500","$2,600","$16,000"
2023,Honda,CR-V,Sport-L Hybrid,Hybrid,6th Gen,"$40,000","$31,500",Yes,43,36,Yes,Yes,Yes,Yes,5★,TSP+,4.5/5.0,39.3,76.5,0.102,0.122,"$3,500","$1,500","$2,700","$16,500"
2023,Honda,CR-V,Sport Touring Hybrid,Hybrid,6th Gen,"$43,000","$32,500",Yes,43,36,Yes,Yes,Yes,Yes,5★,TSP+,4.5/5.0,39.3,76.5,0.102,0.122,"$3,500","$1,500","$2,700","$17,000"
2024,Honda,CR-V,EX-L Hybrid,Hybrid,6th Gen,"$38,100","$31,700",Yes,43,36,Yes,Yes,Yes,Yes,5★,TSP+,4.5/5.0,39.3,76.5,0.102,0.122,"$3,500","$1,400","$2,600","$17,000"
2024,Honda,CR-V,Sport-L Hybrid,Hybrid,6th Gen,"$40,600","$32,700",Yes,43,36,Yes,Yes,Yes,Yes,5★,TSP+,4.5/5.0,39.3,76.5,0.102,0.122,"$3,500","$1,400","$2,700","$17,500"
2024,Honda,CR-V,Sport Touring Hybrid,Hybrid,6th Gen,"$43,600","$34,200",Yes,43,36,Yes,Yes,Yes,Yes,5★,TSP+,4.5/5.0,39.3,76.5,0.102,0.122,"$3,500","$1,400","$2,700","$18,000"
2025,Honda,CR-V,EX-L Hybrid,Hybrid,6th Gen,"$38,700","$38,700",N/A - New,43,36,Yes,Yes,Yes,Yes,5★,TSP+,4.5/5.0,39.3,76.5,0.102,0.122,"$2,500","$1,000","$2,600","$21,500"
2025,Honda,CR-V,Sport-L Hybrid,Hybrid,6th Gen,"$41,200","$41,200",N/A - New,43,36,Yes,Yes,Yes,Yes,5★,TSP+,4.5/5.0,39.3,76.5,0.102,0.122,"$2,500","$1,000","$2,700","$22,500"
2025,Honda,CR-V,Sport Touring Hybrid,Hybrid,6th Gen,"$44,200","$44,200",N/A - New,43,36,Yes,Yes,Yes,Yes,5★,TSP+,4.5/5.0,39.3,76.5,0.102,0.122,"$2,500","$1,000","$2,700","$24,500"
2026,Honda,CR-V,EX-L Hybrid,Hybrid,6th Gen,"$39,300","$39,300",N/A - New,43,36,Yes,Yes,Yes,Yes,5★,TSP+,4.5/5.0,39.3,76.5,0.102,0.122,"$2,500","$1,000","$2,600","$21,500"
2026,Honda,CR-V,Sport-L Hybrid,Hybrid,6th Gen,"$41,800","$41,800",N/A - New,43,36,Yes,Yes,Yes,Yes,5★,TSP+,4.5/5.0,39.3,76.5,0.102,0.122,"$2,500","$1,000","$2,700","$23,000"
2026,Honda,CR-V,Sport Touring Hybrid,Hybrid,6th Gen,"$44,800","$44,800",N/A - New,43,36,Yes,Yes,Yes,Yes,5★,TSP+,4.5/5.0,39.3,76.5,0.102,0.122,"$2,500","$1,000","$2,700","$24,500"
2018,Ford,Escape,S,Gas 1.5T,3rd Gen,"$24,500","$11,000",No - Too Old,26,31,No (S) / opt,No (opt),No (opt),Yes,5★,,,34.4,67.8,0.169,0.142,"$4,500","$4,500","$2,350","$4,500"
2018,Ford,Escape,SE,Gas 1.5T,3rd Gen,"$28,000","$12,000",No - Too Old,26,31,Yes (opt),No (opt),No (opt),Yes,5★,,,34.4,67.8,0.169,0.142,"$4,500","$4,500","$2,500","$4,500"
2018,Ford,Escape,SEL,Gas 1.5T/2.0T,3rd Gen,"$31,000","$12,500",No - Too Old,22,29,Yes (opt),No (opt),No (opt),Yes,5★,,,34.4,67.8,0.2,0.152,"$4,500","$4,500","$2,650","$5,000"
2018,Ford,Escape,Titanium,Gas 2.0T,3rd Gen,"$34,000","$14,000",No - Too Old,22,29,Yes (opt),No (opt),No (opt),Yes,5★,,,34.4,67.8,0.2,0.152,"$4,500","$4,500","$2,650","$5,500"
2019,Ford,Escape,S,Gas 1.5T,3rd Gen,"$24,500","$11,500",No - Too Old,26,31,No (S) / opt,No (opt),No (opt),Yes,5★,,,34.4,67.8,0.169,0.142,"$4,500","$4,500","$2,350","$4,500"
2019,Ford,Escape,SE,Gas 1.5T,3rd Gen,"$28,000","$13,000",No - Too Old,26,31,Yes (opt),No (opt),No (opt),Yes,5★,,,34.4,67.8,0.169,0.142,"$4,500","$4,500","$2,500","$5,000"
2019,Ford,Escape,SEL,Gas 1.5T/2.0T,3rd Gen,"$31,000","$14,500",No - Too Old,22,29,Yes (opt),No (opt),No (opt),Yes,5★,,,34.4,67.8,0.2,0.152,"$4,500","$4,500","$2,650","$5,500"
2019,Ford,Escape,Titanium,Gas 2.0T,3rd Gen,"$34,000","$16,000",No - Too Old,22,29,Yes (opt),No (opt),No (opt),Yes,5★,,,34.4,67.8,0.2,0.152,"$4,500","$4,500","$2,650","$6,000"
2020,Ford,Escape,S,Gas 1.5T,4th Gen,"$25,500","$13,000",No - Too Old,27,33,Yes (opt),Yes,Yes,Yes,5★,,,37.5,65.4,0.163,0.133,"$4,500","$4,500","$2,500","$5,000"
2020,Ford,Escape,SE,Gas 1.5T,4th Gen,"$28,500","$14,000",No - Too Old,27,33,Yes (opt),Yes,Yes,Yes,5★,,,37.5,65.4,0.163,0.133,"$4,500","$4,500","$2,500","$5,500"
2020,Ford,Escape,SE Sport,Gas 2.0T,4th Gen,"$32,000","$14,500",No - Too Old,22,29,Yes (opt),Yes,Yes,Yes,5★,,,37.5,65.4,0.2,0.152,"$4,500","$4,500","$2,650","$5,500"
2020,Ford,Escape,SEL,Gas 1.5T,4th Gen,"$31,000","$15,500",No - Too Old,27,33,Yes (opt),Yes,Yes,Yes,5★,,,37.5,65.4,0.163,0.133,"$4,500","$4,500","$2,650","$6,000"
2020,Ford,Escape,Titanium,Gas 2.0T,4th Gen,"$36,000","$17,500",No - Too Old,22,29,Yes (opt),Yes,Yes,Yes,5★,,,37.5,65.4,0.2,0.152,"$4,500","$4,500","$2,800","$7,000"
2021,Ford,Escape,S,Gas 1.5T,4th Gen,"$26,000","$16,500",Yes,27,33,Yes (opt),Yes,Yes,Yes,5★,,,37.5,65.4,0.163,0.133,"$3,800","$2,700","$2,500","$6,000"
2021,Ford,Escape,SE,Gas 1.5T,4th Gen,"$29,000","$17,000",Yes,27,33,Yes (opt),Yes,Yes,Yes,5★,,,37.5,65.4,0.163,0.133,"$3,800","$2,700","$2,500","$6,000"
2021,Ford,Escape,SE Sport,Gas 2.0T,4th Gen,"$32,500","$17,500",Yes,22,29,Yes (opt),Yes,Yes,Yes,5★,,,37.5,65.4,0.2,0.152,"$3,800","$2,700","$2,650","$6,500"
2021,Ford,Escape,SEL,Gas 1.5T,4th Gen,"$31,500","$18,500",Yes,27,33,Yes (opt),Yes,Yes,Yes,5★,,,37.5,65.4,0.163,0.133,"$3,800","$2,700","$2,650","$7,000"
2021,Ford,Escape,Titanium,Gas 2.0T,4th Gen,"$36,500","$19,500",Yes,22,29,Yes (opt),Yes,Yes,Yes,5★,,,37.5,65.4,0.2,0.152,"$3,800","$2,700","$2,800","$7,000"
2022,Ford,Escape,S,Gas 1.5T,4th Gen,"$26,500","$17,500",Yes,27,33,Yes (opt),Yes,Yes,Yes,5★,,,37.5,65.4,0.163,0.133,"$3,800","$2,500","$2,500","$6,000"
2022,Ford,Escape,SE,Gas 1.5T,4th Gen,"$29,500","$19,000",Yes,27,33,Yes (opt),Yes,Yes,Yes,5★,,,37.5,65.4,0.163,0.133,"$3,800","$2,500","$2,500","$6,500"
2022,Ford,Escape,SE Sport,Gas 2.0T,4th Gen,"$33,000","$19,500",Yes,22,29,Yes (opt),Yes,Yes,Yes,5★,,,37.5,65.4,0.2,0.152,"$3,800","$2,500","$2,650","$7,000"
2022,Ford,Escape,SEL,Gas 1.5T,4th Gen,"$32,000","$21,500",Yes,27,33,Yes (opt),Yes,Yes,Yes,5★,,,37.5,65.4,0.163,0.133,"$3,800","$2,500","$2,650","$7,500"
2022,Ford,Escape,Titanium,Gas 2.0T,4th Gen,"$37,000","$24,000",Yes,22,29,Yes (opt),Yes,Yes,Yes,5★,,,37.5,65.4,0.2,0.152,"$3,800","$2,500","$2,800","$8,500"
2020,Ford,Escape,SE Hybrid,Hybrid,4th Gen,"$29,000","$15,000",No - Too Old,44,37,Yes (opt),Yes,Yes,Yes,5★,TSP (some configs),,37.5,65.4,0.1,0.119,"$4,000","$4,100","$2,500","$6,000"
2020,Ford,Escape,SEL Hybrid,Hybrid,4th Gen,"$33,000","$16,000",No - Too Old,44,37,Yes (opt),Yes,Yes,Yes,5★,TSP (some configs),,37.5,65.4,0.1,0.119,"$4,000","$4,100","$2,650","$6,500"
2020,Ford,Escape,Titanium Hybrid,Hybrid,4th Gen,"$37,000","$16,000",No - Too Old,44,37,Yes (opt),Yes,Yes,Yes,5★,TSP (some configs),,37.5,65.4,0.1,0.119,"$4,000","$4,100","$2,800","$6,500"
2021,Ford,Escape,SE Hybrid,Hybrid,4th Gen,"$30,000","$19,500",Yes,44,37,Yes (opt),Yes,Yes,Yes,5★,TSP (some configs),,37.5,65.4,0.1,0.119,"$3,500","$2,500","$2,650","$6,500"
2021,Ford,Escape,SEL Hybrid,Hybrid,4th Gen,"$34,000","$20,500",Yes,44,37,Yes (opt),Yes,Yes,Yes,5★,TSP (some configs),,37.5,65.4,0.1,0.119,"$3,500","$2,500","$2,650","$7,000"
2021,Ford,Escape,Titanium Hybrid,Hybrid,4th Gen,"$38,000","$22,500",Yes,44,37,Yes (opt),Yes,Yes,Yes,5★,TSP (some configs),,37.5,65.4,0.1,0.119,"$3,500","$2,500","$2,800","$8,000"
2022,Ford,Escape,SE Hybrid,Hybrid,4th Gen,"$31,000","$21,000",Yes,44,37,Yes (opt),Yes,Yes,Yes,5★,TSP (some configs),,37.5,65.4,0.1,0.119,"$3,500","$2,300","$2,650","$7,000"
2022,Ford,Escape,SEL Hybrid,Hybrid,4th Gen,"$35,000","$23,000",Yes,44,37,Yes (opt),Yes,Yes,Yes,5★,TSP (some configs),,37.5,65.4,0.1,0.119,"$3,500","$2,300","$2,800","$8,000"
2022,Ford,Escape,Titanium Hybrid,Hybrid,4th Gen,"$39,000","$24,500",Yes,44,37,Yes (opt),Yes,Yes,Yes,5★,TSP (some configs),,37.5,65.4,0.1,0.119,"$3,500","$2,300","$2,800","$8,500"
2020,Ford,Escape,Titanium PHEV,PHEV,4th Gen,"$39,000","$18,500",No - Too Old,100,84,No (FWD only),Yes,Yes,Yes,5★,,,33.5,60.8,0.08,0.096,"$4,000","$4,300","$2,900","$7,000"
2021,Ford,Escape,Titanium PHEV,PHEV,4th Gen,"$39,600","$22,500",Yes,100,84,No (FWD only),Yes,Yes,Yes,5★,,,33.5,60.8,0.08,0.096,"$3,700","$2,600","$2,900","$8,000"
2022,Ford,Escape,Titanium PHEV,PHEV,4th Gen,"$40,200","$24,000",Yes,100,84,No (FWD only),Yes,Yes,Yes,5★,,,33.5,60.8,0.08,0.096,"$3,700","$2,400","$3,050","$8,000"
2023,Ford,Escape,SE,Gas,4th Gen,"$30,000","$21,500",Yes,27,34,Yes (opt),Yes,Yes,Yes,5★,,,37.5,65.4,0.163,0.129,"$3,800","$2,300","$2,650","$7,000"
2023,Ford,Escape,ST-Line,Gas,4th Gen,"$33,000","$22,500",Yes,27,34,Yes (opt),Yes,Yes,Yes,5★,,,37.5,65.4,0.163,0.129,"$3,800","$2,300","$2,650","$7,500"
2023,Ford,Escape,SEL,Gas,4th Gen,"$35,000","$24,500",Yes,27,34,Yes (opt),Yes,Yes,Yes,5★,,,37.5,65.4,0.163,0.129,"$3,800","$2,300","$2,800","$8,000"
2023,Ford,Escape,Titanium,Gas,4th Gen,"$38,000","$26,000",Yes,27,34,Yes (opt),Yes,Yes,Yes,5★,,,37.5,65.4,0.163,0.129,"$3,800","$2,300","$2,800","$9,000"
2023,Ford,Escape,SE Hybrid,Hybrid,4th Gen,"$32,000","$21,000",Yes,44,37,Yes (opt),Yes,Yes,Yes,5★,,,37.5,65.4,0.1,0.119,"$3,500","$2,100","$2,650","$7,500"
2023,Ford,Escape,SEL Hybrid,Hybrid,4th Gen,"$36,000","$24,000",Yes,44,37,Yes (opt),Yes,Yes,Yes,5★,,,37.5,65.4,0.1,0.119,"$3,500","$2,100","$2,800","$8,500"
2023,Ford,Escape,Titanium Hybrid,Hybrid,4th Gen,"$40,000","$26,500",Yes,44,37,Yes (opt),Yes,Yes,Yes,5★,,,37.5,65.4,0.1,0.119,"$3,500","$2,100","$2,950","$9,500"
2024,Ford,Escape,SE,Gas,4th Gen,"$30,500","$20,700",Yes,27,33,Yes (opt),Yes,Yes,Yes,5★,,,37.5,65.4,0.163,0.133,"$3,800","$2,100","$2,650","$7,500"
2024,Ford,Escape,ST-Line,Gas,4th Gen,"$33,500","$22,700",Yes,27,33,Yes (opt),Yes,Yes,Yes,5★,,,37.5,65.4,0.163,0.133,"$3,800","$2,100","$2,650","$8,500"
2024,Ford,Escape,SEL,Gas,4th Gen,"$35,500","$24,700",Yes,27,33,Yes (opt),Yes,Yes,Yes,5★,,,37.5,65.4,0.163,0.133,"$3,800","$2,100","$2,800","$9,000"
2024,Ford,Escape,Titanium,Gas,4th Gen,"$38,500","$26,700",Yes,27,33,Yes (opt),Yes,Yes,Yes,5★,,,37.5,65.4,0.163,0.133,"$3,800","$2,100","$2,800","$10,000"
2024,Ford,Escape,SE Hybrid,Hybrid,4th Gen,"$32,600","$21,700",Yes,44,37,Yes (opt),Yes,Yes,Yes,5★,,,37.5,65.4,0.1,0.119,"$3,500","$1,900","$2,650","$8,500"
2024,Ford,Escape,SEL Hybrid,Hybrid,4th Gen,"$36,600","$23,700",Yes,44,37,Yes (opt),Yes,Yes,Yes,5★,,,37.5,65.4,0.1,0.119,"$3,500","$1,900","$2,800","$9,000"
2024,Ford,Escape,Titanium Hybrid,Hybrid,4th Gen,"$40,600","$26,200",Yes,44,37,Yes (opt),Yes,Yes,Yes,5★,,,37.5,65.4,0.1,0.119,"$3,500","$1,900","$2,950","$10,000"
2025,Ford,Escape,SE,Gas,4th Gen,"$31,000","$31,000",N/A - New,27,34,Yes (opt),Yes,Yes,Yes,5★,,,37.5,65.4,0.163,0.129,"$2,800","$1,600","$2,650","$12,000"
2025,Ford,Escape,ST-Line,Gas,4th Gen,"$34,000","$34,000",N/A - New,27,34,Yes (opt),Yes,Yes,Yes,5★,,,37.5,65.4,0.163,0.129,"$2,800","$1,600","$2,650","$13,000"
2025,Ford,Escape,SEL,Gas,4th Gen,"$36,000","$36,000",N/A - New,27,34,Yes (opt),Yes,Yes,Yes,5★,,,37.5,65.4,0.163,0.129,"$2,800","$1,600","$2,800","$14,000"
2025,Ford,Escape,Titanium,Gas,4th Gen,"$39,000","$39,000",N/A - New,27,34,Yes (opt),Yes,Yes,Yes,5★,,,37.5,65.4,0.163,0.129,"$2,800","$1,600","$2,800","$15,000"
2025,Ford,Escape,SE Hybrid,Hybrid,4th Gen,"$33,200","$33,200",N/A - New,44,37,Yes (opt),Yes,Yes,Yes,5★,,,37.5,65.4,0.1,0.119,"$2,500","$1,400","$2,650","$13,500"
2025,Ford,Escape,SEL Hybrid,Hybrid,4th Gen,"$37,200","$37,200",N/A - New,44,37,Yes (opt),Yes,Yes,Yes,5★,,,37.5,65.4,0.1,0.119,"$2,500","$1,400","$2,800","$15,000"
2025,Ford,Escape,Titanium Hybrid,Hybrid,4th Gen,"$41,200","$41,200",N/A - New,44,37,Yes (opt),Yes,Yes,Yes,5★,,,37.5,65.4,0.1,0.119,"$2,500","$1,400","$2,950","$16,500"
2026,Ford,Escape,SE,Gas,4th Gen,"$31,500","$31,500",N/A - New,27,34,Yes (opt),Yes,Yes,Yes,5★,,,37.5,65.4,0.163,0.129,"$2,800","$1,600","$2,650","$12,500"
2026,Ford,Escape,ST-Line,Gas,4th Gen,"$34,500","$34,500",N/A - New,27,34,Yes (opt),Yes,Yes,Yes,5★,,,37.5,65.4,0.163,0.129,"$2,800","$1,600","$2,650","$13,500"
2026,Ford,Escape,SEL,Gas,4th Gen,"$36,500","$36,500",N/A - New,27,34,Yes (opt),Yes,Yes,Yes,5★,,,37.5,65.4,0.163,0.129,"$2,800","$1,600","$2,800","$14,000"
2026,Ford,Escape,Titanium,Gas,4th Gen,"$39,500","$39,500",N/A - New,27,34,Yes (opt),Yes,Yes,Yes,5★,,,37.5,65.4,0.163,0.129,"$2,800","$1,600","$2,800","$15,500"
2026,Ford,Escape,SE Hybrid,Hybrid,4th Gen,"$33,800","$33,800",N/A - New,44,37,Yes (opt),Yes,Yes,Yes,5★,,,37.5,65.4,0.1,0.119,"$2,500","$1,400","$2,650","$13,500"
2026,Ford,Escape,SEL Hybrid,Hybrid,4th Gen,"$37,800","$37,800",N/A - New,44,37,Yes (opt),Yes,Yes,Yes,5★,,,37.5,65.4,0.1,0.119,"$2,500","$1,400","$2,800","$15,500"
2026,Ford,Escape,Titanium Hybrid,Hybrid,4th Gen,"$41,800","$41,800",N/A - New,44,37,Yes (opt),Yes,Yes,Yes,5★,,,37.5,65.4,0.1,0.119,"$2,500","$1,400","$2,950","$17,000"
2021,Toyota,Venza,LE,Hybrid,2nd Gen,"$33,000","$24,000",Yes,40,37,Yes,Yes,Yes,Yes,5★,TSP,4.0/5.0,36.3,70.0,0.11,0.119,"$3,500","$2,000","$2,400","$14,000"
2021,Toyota,Venza,XLE,Hybrid,2nd Gen,"$36,000","$26,500",Yes,40,37,Yes,Yes,Yes,Yes,5★,TSP,4.0/5.0,36.3,70.0,0.11,0.119,"$3,500","$2,000","$2,550","$15,500"
2021,Toyota,Venza,XSE,Hybrid,2nd Gen,"$38,500","$28,500",Yes,40,37,Yes,Yes,Yes,No (touch screen),5★,TSP,4.0/5.0,36.3,70.0,0.11,0.119,"$3,500","$2,000","$2,550","$16,500"
2021,Toyota,Venza,Limited,Hybrid,2nd Gen,"$41,500","$31,000",Yes,40,37,Yes,Yes,Yes,No (touch screen),5★,TSP,4.0/5.0,36.3,70.0,0.11,0.119,"$3,500","$2,000","$2,700","$18,000"
2022,Toyota,Venza,LE,Hybrid,2nd Gen,"$33,500","$26,500",Yes,40,37,Yes,Yes,Yes,Yes,5★,TSP,4.0/5.0,36.3,70.0,0.11,0.119,"$3,500","$1,900","$2,400","$15,000"
2022,Toyota,Venza,XLE,Hybrid,2nd Gen,"$36,500","$29,000",Yes,40,37,Yes,Yes,Yes,Yes,5★,TSP,4.0/5.0,36.3,70.0,0.11,0.119,"$3,500","$1,900","$2,550","$16,000"
2022,Toyota,Venza,XSE,Hybrid,2nd Gen,"$39,000","$31,000",Yes,40,37,Yes,Yes,Yes,No (touch screen),5★,TSP,4.0/5.0,36.3,70.0,0.11,0.119,"$3,500","$1,900","$2,550","$17,500"
2022,Toyota,Venza,Limited,Hybrid,2nd Gen,"$42,000","$33,500",Yes,40,37,Yes,Yes,Yes,No (touch screen),5★,TSP,4.0/5.0,36.3,70.0,0.11,0.119,"$3,500","$1,900","$2,700","$18,500"
2023,Toyota,Venza,LE,Hybrid,2nd Gen,"$34,000","$29,200",Yes,40,37,Yes,Yes,Yes,Yes,5★,TSP,4.0/5.0,36.3,70.0,0.11,0.119,"$3,500","$1,700","$2,400","$15,500"
2023,Toyota,Venza,XLE,Hybrid,2nd Gen,"$37,000","$31,700",Yes,40,37,Yes,Yes,Yes,Yes,5★,TSP,4.0/5.0,36.3,70.0,0.11,0.119,"$3,500","$1,700","$2,550","$17,000"
2023,Toyota,Venza,XSE,Hybrid,2nd Gen,"$39,500","$33,700",Yes,40,37,Yes,Yes,Yes,No (touch screen),5★,TSP,4.0/5.0,36.3,70.0,0.11,0.119,"$3,500","$1,700","$2,550","$18,000"
2023,Toyota,Venza,Limited,Hybrid,2nd Gen,"$42,500","$36,700",Yes,40,37,Yes,Yes,Yes,No (touch screen),5★,TSP,4.0/5.0,36.3,70.0,0.11,0.119,"$3,500","$1,700","$2,700","$19,500"
2024,Toyota,Venza,LE,Hybrid,2nd Gen,"$34,500","$31,200",Yes,40,37,Yes,Yes,Yes,Yes,5★,TSP,4.0/5.0,36.3,70.0,0.11,0.119,"$3,500","$1,600","$2,400","$16,500"
2024,Toyota,Venza,XLE,Hybrid,2nd Gen,"$37,500","$34,200",Yes,40,37,Yes,Yes,Yes,Yes,5★,TSP,4.0/5.0,36.3,70.0,0.11,0.119,"$3,500","$1,600","$2,550","$18,000"
2024,Toyota,Venza,XSE,Hybrid,2nd Gen,"$40,000","$36,200",Yes,40,37,Yes,Yes,Yes,No (touch screen),5★,TSP,4.0/5.0,36.3,70.0,0.11,0.119,"$3,500","$1,600","$2,700","$19,000"
2024,Toyota,Venza,Limited,Hybrid,2nd Gen,"$43,000","$39,200",Yes,40,37,Yes,Yes,Yes,No (touch screen),5★,TSP,4.0/5.0,36.3,70.0,0.11,0.119,"$3,500","$1,600","$2,700","$21,000"
2025,Toyota,Venza,LE,Hybrid,2nd Gen,"$35,000","$35,000",N/A - New,40,37,Yes,Yes,Yes,Yes,5★,TSP,4.0/5.0,36.3,70.0,0.11,0.119,"$2,500","$1,100","$2,550","$19,000"
2025,Toyota,Venza,XLE,Hybrid,2nd Gen,"$38,000","$38,000",N/A - New,40,37,Yes,Yes,Yes,Yes,5★,TSP,4.0/5.0,36.3,70.0,0.11,0.119,"$2,500","$1,100","$2,550","$21,000"
2025,Toyota,Venza,XSE,Hybrid,2nd Gen,"$40,500","$40,500",N/A - New,40,37,Yes,Yes,Yes,No (touch screen),5★,TSP,4.0/5.0,36.3,70.0,0.11,0.119,"$2,500","$1,100","$2,700","$22,500"
2025,Toyota,Venza,Limited,Hybrid,2nd Gen,"$43,500","$43,500",N/A - New,40,37,Yes,Yes,Yes,No (touch screen),5★,TSP,4.0/5.0,36.3,70.0,0.11,0.119,"$2,500","$1,100","$2,700","$24,000"
2026,Toyota,Venza,LE,Hybrid,2nd Gen,"$35,500","$35,500",N/A - New,40,37,Yes,Yes,Yes,Yes,5★,TSP,4.0/5.0,36.3,70.0,0.11,0.119,"$2,500","$1,100","$2,550","$19,500"
2026,Toyota,Venza,XLE,Hybrid,2nd Gen,"$38,500","$38,500",N/A - New,40,37,Yes,Yes,Yes,Yes,5★,TSP,4.0/5.0,36.3,70.0,0.11,0.119,"$2,500","$1,100","$2,550","$21,000"
2026,Toyota,Venza,XSE,Hybrid,2nd Gen,"$41,000","$41,000",N/A - New,40,37,Yes,Yes,Yes,No (touch screen),5★,TSP,4.0/5.0,36.3,70.0,0.11,0.119,"$2,500","$1,100","$2,700","$22,500"
2026,Toyota,Venza,Limited,Hybrid,2nd Gen,"$44,000","$44,000",N/A - New,40,37,Yes,Yes,Yes,No (touch screen),5★,TSP,4.0/5.0,36.3,70.0,0.11,0.119,"$2,500","$1,100","$2,700","$24,000"
2018,Mazda,CX-5,Sport,Gas 2.0L FWD/AWD,2nd Gen,"$26,000","$15,500",No - Too Old,27,35,Yes,No (opt),No (opt),Yes,5★,TSP+,4.5/5.0,30.9,59.6,0.163,0.126,"$4,500","$3,500","$2,250","$8,000"
2018,Mazda,CX-5,Touring,Gas 2.5L AWD,2nd Gen,"$28,500","$16,000",No - Too Old,26,31,Yes,Yes,Yes,Yes,5★,TSP+,4.5/5.0,30.9,59.6,0.169,0.142,"$4,500","$3,300","$2,250","$8,500"
2018,Mazda,CX-5,Grand Touring,Gas 2.5L AWD,2nd Gen,"$31,500","$17,000",No - Too Old,26,31,Yes,Yes,Yes,Yes,5★,TSP+,4.5/5.0,30.9,59.6,0.169,0.142,"$4,500","$3,300","$2,400","$9,000"
2018,Mazda,CX-5,Grand Touring Reserve,Gas 2.5L AWD,2nd Gen,"$34,500","$18,000",No - Too Old,26,31,Yes,Yes,Yes,Yes,5★,TSP+,4.5/5.0,30.9,59.6,0.169,0.142,"$4,500","$3,300","$2,400","$9,500"
2018,Mazda,CX-5,Signature,Gas 2.5T AWD,2nd Gen,"$37,500","$18,500",No - Too Old,24,30,Yes,Yes,Yes,Yes,5★,TSP+,4.5/5.0,30.9,59.6,0.183,0.147,"$4,800","$3,600","$2,550","$9,000"
2019,Mazda,CX-5,Sport,Gas 2.5L FWD/AWD,2nd Gen,"$27,500","$16,500",No - Too Old,26,31,Yes,Yes,Yes,Yes,5★,TSP+,4.5/5.0,30.9,59.6,0.169,0.142,"$4,500","$3,300","$2,250","$8,500"
2019,Mazda,CX-5,Touring,Gas 2.5L AWD,2nd Gen,"$29,500","$17,500",No - Too Old,26,31,Yes,Yes,Yes,Yes,5★,TSP+,4.5/5.0,30.9,59.6,0.169,0.142,"$4,500","$3,300","$2,250","$9,500"
2019,Mazda,CX-5,Grand Touring,Gas 2.5L AWD,2nd Gen,"$32,000","$17,500",No - Too Old,26,31,Yes,Yes,Yes,Yes,5★,TSP+,4.5/5.0,30.9,59.6,0.169,0.142,"$4,500","$3,300","$2,400","$9,500"
2019,Mazda,CX-5,Grand Touring Reserve,Gas 2.5L AWD,2nd Gen,"$35,000","$18,500",No - Too Old,26,31,Yes,Yes,Yes,Yes,5★,TSP+,4.5/5.0,30.9,59.6,0.169,0.142,"$4,500","$3,300","$2,550","$10,000"
2019,Mazda,CX-5,Signature,Gas 2.5T AWD,2nd Gen,"$38,500","$19,500",No - Too Old,24,30,Yes,Yes,Yes,Yes,5★,TSP+,4.5/5.0,30.9,59.6,0.183,0.147,"$4,800","$3,600","$2,550","$9,500"
2020,Mazda,CX-5,Sport,Gas 2.5L FWD/AWD,2nd Gen,"$27,900","$20,500",Yes,26,31,Yes,Yes,Yes,Yes,5★,TSP+,4.5/5.0,30.9,59.6,0.169,0.142,"$3,800","$2,100","$2,250","$10,000"
2020,Mazda,CX-5,Touring,Gas 2.5L AWD,2nd Gen,"$29,900","$20,000",Yes,26,31,Yes,Yes,Yes,Yes,5★,TSP+,4.5/5.0,30.9,59.6,0.169,0.142,"$3,800","$2,100","$2,250","$9,500"
2020,Mazda,CX-5,Grand Touring,Gas 2.5L AWD,2nd Gen,"$32,400","$20,500",Yes,26,31,Yes,Yes,Yes,Yes,5★,TSP+,4.5/5.0,30.9,59.6,0.169,0.142,"$3,800","$2,100","$2,400","$10,000"
2020,Mazda,CX-5,Grand Touring Reserve,Gas 2.5L AWD,2nd Gen,"$35,400","$21,000",Yes,26,31,Yes,Yes,Yes,Yes,5★,TSP+,4.5/5.0,30.9,59.6,0.169,0.142,"$3,800","$2,100","$2,550","$10,000"
2020,Mazda,CX-5,Signature,Gas 2.5T AWD,2nd Gen,"$38,900","$23,200",Yes,24,30,Yes,Yes,Yes,Yes,5★,TSP+,4.5/5.0,30.9,59.6,0.183,0.147,"$4,200","$2,300","$2,550","$11,000"
2021,Mazda,CX-5,Sport,Gas 2.5L FWD/AWD,2nd Gen,"$28,300","$21,500",Yes,26,31,Yes,Yes,Yes,Yes,5★,TSP+,4.5/5.0,30.9,59.6,0.169,0.142,"$3,800","$2,000","$2,250","$9,500"
2021,Mazda,CX-5,Touring,Gas 2.5L AWD,2nd Gen,"$30,300","$22,000",Yes,26,31,Yes,Yes,Yes,Yes,5★,TSP+,4.5/5.0,30.9,59.6,0.169,0.142,"$3,800","$2,000","$2,400","$10,000"
2021,Mazda,CX-5,Carbon Edition,Gas 2.5L AWD,2nd Gen,"$33,800","$23,000",Yes,26,31,Yes,Yes,Yes,Yes,5★,TSP+,4.5/5.0,30.9,59.6,0.169,0.142,"$3,800","$2,000","$2,400","$10,500"
2021,Mazda,CX-5,Grand Touring,Gas 2.5L AWD,2nd Gen,"$32,800","$22,500",Yes,26,31,Yes,Yes,Yes,Yes,5★,TSP+,4.5/5.0,30.9,59.6,0.169,0.142,"$3,800","$2,000","$2,400","$10,000"
2021,Mazda,CX-5,Grand Touring Reserve,Gas 2.5L AWD,2nd Gen,"$35,800","$25,000",Yes,26,31,Yes,Yes,Yes,Yes,5★,TSP+,4.5/5.0,30.9,59.6,0.169,0.142,"$3,800","$2,000","$2,550","$11,500"
2021,Mazda,CX-5,Signature,Gas 2.5T AWD,2nd Gen,"$39,300","$23,200",Yes,24,30,Yes,Yes,Yes,Yes,5★,TSP+,4.5/5.0,30.9,59.6,0.183,0.147,"$4,200","$2,200","$2,550","$11,000"
2022,Mazda,CX-5,Sport,Gas 2.5L FWD/AWD,2nd Gen,"$28,700","$22,000",Yes,26,31,Yes,Yes,Yes,Yes,5★,TSP+,4.5/5.0,30.9,59.6,0.169,0.142,"$3,800","$1,900","$2,250","$10,500"
2022,Mazda,CX-5,Touring,Gas 2.5L AWD,2nd Gen,"$30,700","$23,000",Yes,26,31,Yes,Yes,Yes,Yes,5★,TSP+,4.5/5.0,30.9,59.6,0.169,0.142,"$3,800","$1,900","$2,400","$11,000"
2022,Mazda,CX-5,Carbon Edition,Gas 2.5L AWD,2nd Gen,"$34,200","$24,000",Yes,26,31,Yes,Yes,Yes,Yes,5★,TSP+,4.5/5.0,30.9,59.6,0.169,0.142,"$3,800","$1,900","$2,400","$11,500"
2022,Mazda,CX-5,Grand Touring,Gas 2.5L AWD,2nd Gen,"$33,200","$24,500",Yes,26,31,Yes,Yes,Yes,Yes,5★,TSP+,4.5/5.0,30.9,59.6,0.169,0.142,"$3,800","$1,900","$2,400","$11,500"
2022,Mazda,CX-5,Grand Touring Reserve,Gas 2.5L AWD,2nd Gen,"$36,200","$25,500",Yes,26,31,Yes,Yes,Yes,Yes,5★,TSP+,4.5/5.0,30.9,59.6,0.169,0.142,"$3,800","$1,900","$2,550","$12,000"
2022,Mazda,CX-5,Signature,Gas 2.5T AWD,2nd Gen,"$39,700","$26,500",Yes,24,30,Yes,Yes,Yes,Yes,5★,TSP+,4.5/5.0,30.9,59.6,0.183,0.147,"$4,200","$2,000","$2,550","$13,000"
2023,Mazda,CX-5,2.5 S,Gas 2.5L AWD,2nd Gen,"$29,500","$22,800",Yes,26,31,Yes,Yes,Yes,Yes,5★,TSP+,4.5/5.0,30.9,59.6,0.169,0.142,"$3,800","$1,700","$2,250","$11,000"
2023,Mazda,CX-5,2.5 Select,Gas 2.5L AWD,2nd Gen,"$31,000","$23,800",Yes,26,31,Yes,Yes,Yes,Yes,5★,TSP+,4.5/5.0,30.9,59.6,0.169,0.142,"$3,800","$1,700","$2,400","$11,500"
2023,Mazda,CX-5,2.5 Preferred,Gas 2.5L AWD,2nd Gen,"$33,000","$25,000",Yes,26,31,Yes,Yes,Yes,Yes,5★,TSP+,4.5/5.0,30.9,59.6,0.169,0.142,"$3,800","$1,700","$2,400","$12,500"
2023,Mazda,CX-5,2.5 Preferred Plus,Gas 2.5L AWD,2nd Gen,"$35,000","$25,800",Yes,26,31,Yes,Yes,Yes,Yes,5★,TSP+,4.5/5.0,30.9,59.6,0.169,0.142,"$3,800","$1,700","$2,550","$12,500"
2023,Mazda,CX-5,2.5 S Carbon Edition,Gas 2.5L AWD,2nd Gen,"$34,000","$24,300",Yes,26,31,Yes,Yes,Yes,Yes,5★,TSP+,4.5/5.0,30.9,59.6,0.169,0.142,"$3,800","$1,700","$2,400","$12,000"
2023,Mazda,CX-5,2.5 GT,Gas 2.5L AWD,2nd Gen,"$36,000","$25,800",Yes,26,31,Yes,Yes,Yes,Yes,5★,TSP+,4.5/5.0,30.9,59.6,0.169,0.142,"$3,800","$1,700","$2,550","$12,500"
2023,Mazda,CX-5,2.5 Turbo,Gas 2.5T AWD,2nd Gen,"$39,000","$25,000",Yes,24,30,Yes,Yes,Yes,Yes,5★,TSP+,4.5/5.0,30.9,59.6,0.183,0.147,"$4,200","$1,900","$2,550","$12,500"
2023,Mazda,CX-5,2.5 Turbo Signature,Gas 2.5T AWD,2nd Gen,"$42,000","$26,500",Yes,24,30,Yes,Yes,Yes,Yes,5★,TSP+,4.5/5.0,30.9,59.6,0.183,0.147,"$4,200","$1,900","$2,700","$13,000"
2024,Mazda,CX-5,2.5 S,Gas 2.5L AWD,2nd Gen,"$29,900","$22,700",Yes,26,31,Yes,Yes,Yes,Yes,5★,TSP+,4.5/5.0,30.9,59.6,0.169,0.142,"$3,800","$1,600","$2,250","$11,500"
2024,Mazda,CX-5,2.5 Select,Gas 2.5L AWD,2nd Gen,"$31,400","$24,200",Yes,26,31,Yes,Yes,Yes,Yes,5★,TSP+,4.5/5.0,30.9,59.6,0.169,0.142,"$3,800","$1,600","$2,400","$12,000"
2024,Mazda,CX-5,2.5 Preferred,Gas 2.5L AWD,2nd Gen,"$33,400","$25,700",Yes,26,31,Yes,Yes,Yes,Yes,5★,TSP+,4.5/5.0,30.9,59.6,0.169,0.142,"$3,800","$1,600","$2,400","$13,000"
2024,Mazda,CX-5,2.5 Preferred Plus,Gas 2.5L AWD,2nd Gen,"$35,400","$26,700",Yes,26,31,Yes,Yes,Yes,Yes,5★,TSP+,4.5/5.0,30.9,59.6,0.169,0.142,"$3,800","$1,600","$2,550","$13,500"
2024,Mazda,CX-5,2.5 S Carbon Edition,Gas 2.5L AWD,2nd Gen,"$34,400","$24,700",Yes,26,31,Yes,Yes,Yes,Yes,5★,TSP+,4.5/5.0,30.9,59.6,0.169,0.142,"$3,800","$1,600","$2,400","$12,500"
2024,Mazda,CX-5,2.5 GT,Gas 2.5L AWD,2nd Gen,"$36,400","$27,200",Yes,26,31,Yes,Yes,Yes,Yes,5★,TSP+,4.5/5.0,30.9,59.6,0.169,0.142,"$3,800","$1,600","$2,550","$14,000"
2024,Mazda,CX-5,2.5 Turbo,Gas 2.5T AWD,2nd Gen,"$39,400","$28,200",Yes,24,30,Yes,Yes,Yes,Yes,5★,TSP+,4.5/5.0,30.9,59.6,0.183,0.147,"$4,200","$1,700","$2,550","$13,500"
2024,Mazda,CX-5,2.5 Turbo Signature,Gas 2.5T AWD,2nd Gen,"$42,400","$30,200",Yes,24,30,Yes,Yes,Yes,Yes,5★,TSP+,4.5/5.0,30.9,59.6,0.183,0.147,"$4,200","$1,700","$2,700","$14,000"
2025,Mazda,CX-5,2.5 S,Gas 2.5L AWD,2nd Gen,"$30,300","$30,300",N/A - New,26,31,Yes,Yes,Yes,Yes,5★,TSP+,4.5/5.0,30.9,59.6,0.169,0.142,"$2,800","$1,100","$2,400","$16,000"
2025,Mazda,CX-5,2.5 Select,Gas 2.5L AWD,2nd Gen,"$31,800","$31,800",N/A - New,26,31,Yes,Yes,Yes,Yes,5★,TSP+,4.5/5.0,30.9,59.6,0.169,0.142,"$2,800","$1,100","$2,400","$17,000"
2025,Mazda,CX-5,2.5 Preferred,Gas 2.5L AWD,2nd Gen,"$33,800","$33,800",N/A - New,26,31,Yes,Yes,Yes,Yes,5★,TSP+,4.5/5.0,30.9,59.6,0.169,0.142,"$2,800","$1,100","$2,400","$18,000"
2025,Mazda,CX-5,2.5 Preferred Plus,Gas 2.5L AWD,2nd Gen,"$35,800","$35,800",N/A - New,26,31,Yes,Yes,Yes,Yes,5★,TSP+,4.5/5.0,30.9,59.6,0.169,0.142,"$2,800","$1,100","$2,550","$19,000"
2025,Mazda,CX-5,2.5 S Carbon Edition,Gas 2.5L AWD,2nd Gen,"$34,800","$34,800",N/A - New,26,31,Yes,Yes,Yes,Yes,5★,TSP+,4.5/5.0,30.9,59.6,0.169,0.142,"$2,800","$1,100","$2,400","$18,500"
2025,Mazda,CX-5,2.5 GT,Gas 2.5L AWD,2nd Gen,"$36,800","$36,800",N/A - New,26,31,Yes,Yes,Yes,Yes,5★,TSP+,4.5/5.0,30.9,59.6,0.169,0.142,"$2,800","$1,100","$2,550","$19,500"
2025,Mazda,CX-5,2.5 Turbo,Gas 2.5T AWD,2nd Gen,"$39,800","$39,800",N/A - New,24,30,Yes,Yes,Yes,Yes,5★,TSP+,4.5/5.0,30.9,59.6,0.183,0.147,"$3,000","$1,200","$2,550","$19,500"
2025,Mazda,CX-5,2.5 Turbo Signature,Gas 2.5T AWD,2nd Gen,"$42,800","$42,800",N/A - New,24,30,Yes,Yes,Yes,Yes,5★,TSP+,4.5/5.0,30.9,59.6,0.183,0.147,"$3,000","$1,200","$2,700","$21,000"
2026,Mazda,CX-5,2.5 S,Gas 2.5L AWD,2nd Gen,"$30,700","$30,700",N/A - New,26,31,Yes,Yes,Yes,Yes,5★,TSP+,4.5/5.0,30.9,59.6,0.169,0.142,"$2,800","$1,100","$2,400","$16,500"
2026,Mazda,CX-5,2.5 Select,Gas 2.5L AWD,2nd Gen,"$32,200","$32,200",N/A - New,26,31,Yes,Yes,Yes,Yes,5★,TSP+,4.5/5.0,30.9,59.6,0.169,0.142,"$2,800","$1,100","$2,400","$17,000"
2026,Mazda,CX-5,2.5 Preferred,Gas 2.5L AWD,2nd Gen,"$34,200","$34,200",N/A - New,26,31,Yes,Yes,Yes,Yes,5★,TSP+,4.5/5.0,30.9,59.6,0.169,0.142,"$2,800","$1,100","$2,400","$18,000"
2026,Mazda,CX-5,2.5 Preferred Plus,Gas 2.5L AWD,2nd Gen,"$36,200","$36,200",N/A - New,26,31,Yes,Yes,Yes,Yes,5★,TSP+,4.5/5.0,30.9,59.6,0.169,0.142,"$2,800","$1,100","$2,550","$19,000"
2026,Mazda,CX-5,2.5 S Carbon Edition,Gas 2.5L AWD,2nd Gen,"$35,200","$35,200",N/A - New,26,31,Yes,Yes,Yes,Yes,5★,TSP+,4.5/5.0,30.9,59.6,0.169,0.142,"$2,800","$1,100","$2,550","$18,500"
2026,Mazda,CX-5,2.5 GT,Gas 2.5L AWD,2nd Gen,"$37,200","$37,200",N/A - New,26,31,Yes,Yes,Yes,Yes,5★,TSP+,4.5/5.0,30.9,59.6,0.169,0.142,"$2,800","$1,100","$2,550","$19,500"
2026,Mazda,CX-5,2.5 Turbo,Gas 2.5T AWD,2nd Gen,"$40,200","$40,200",N/A - New,24,30,Yes,Yes,Yes,Yes,5★,TSP+,4.5/5.0,30.9,59.6,0.183,0.147,"$3,000","$1,200","$2,700","$19,500"
2026,Mazda,CX-5,2.5 Turbo Signature,Gas 2.5T AWD,2nd Gen,"$43,200","$43,200",N/A - New,24,30,Yes,Yes,Yes,Yes,5★,TSP+,4.5/5.0,30.9,59.6,0.183,0.147,"$3,000","$1,200","$2,700","$21,000"
2018,Hyundai,Tucson,SE,Gas 2.0L FWD/AWD,4th Gen,"$24,000","$13,500",No - Too Old,23,30,Yes,No (opt),No (opt),Yes,5★,TSP+,3.5/5.0,31.0,61.9,0.191,0.147,"$4,500","$3,200","$2,250","$5,500"
2018,Hyundai,Tucson,Value,Gas 2.0L AWD,4th Gen,"$25,500","$14,000",No - Too Old,22,28,Yes,No (opt),No (opt),Yes,5★,TSP+,3.5/5.0,31.0,61.9,0.2,0.157,"$4,500","$3,200","$2,400","$5,500"
2018,Hyundai,Tucson,SEL,Gas 2.0L AWD,4th Gen,"$27,000","$14,000",No - Too Old,22,28,Yes,No (opt),No (opt),Yes,5★,TSP+,3.5/5.0,31.0,61.9,0.2,0.157,"$4,500","$3,200","$2,400","$5,500"
2018,Hyundai,Tucson,Sport,Gas 1.6T AWD,4th Gen,"$29,000","$14,500",No - Too Old,25,30,Yes,No (opt),No (opt),Yes,5★,TSP+,3.5/5.0,31.0,61.9,0.176,0.147,"$4,500","$3,200","$2,400","$5,500"
2018,Hyundai,Tucson,Night,Gas 1.6T AWD,4th Gen,"$30,500","$15,000",No - Too Old,25,30,Yes,No (opt),No (opt),Yes,5★,TSP+,3.5/5.0,31.0,61.9,0.176,0.147,"$4,500","$3,200","$2,550","$6,000"
2018,Hyundai,Tucson,Ultimate,Gas 1.6T AWD,4th Gen,"$33,000","$15,500",No - Too Old,25,30,Yes,Yes,Yes,Yes,5★,TSP+,3.5/5.0,31.0,61.9,0.176,0.147,"$4,500","$3,200","$2,550","$6,000"
2019,Hyundai,Tucson,SE,Gas 2.0L FWD/AWD,4th Gen,"$24,400","$15,000",No - Too Old,23,30,Yes,No (opt),No (opt),Yes,5★,TSP+,3.5/5.0,31.0,61.9,0.191,0.147,"$4,500","$3,200","$2,250","$6,000"
2019,Hyundai,Tucson,Value,Gas 2.0L AWD,4th Gen,"$25,900","$15,000",No - Too Old,22,28,Yes,No (opt),No (opt),Yes,5★,TSP+,3.5/5.0,31.0,61.9,0.2,0.157,"$4,500","$3,200","$2,400","$6,000"
2019,Hyundai,Tucson,SEL,Gas 2.0L AWD,4th Gen,"$27,400","$15,500",No - Too Old,22,28,Yes,No (opt),No (opt),Yes,5★,TSP+,3.5/5.0,31.0,61.9,0.2,0.157,"$4,500","$3,200","$2,400","$6,000"
2019,Hyundai,Tucson,Sport,Gas 1.6T AWD,4th Gen,"$29,400","$16,500",No - Too Old,25,30,Yes,No (opt),No (opt),Yes,5★,TSP+,3.5/5.0,31.0,61.9,0.176,0.147,"$4,500","$3,200","$2,400","$6,500"
2019,Hyundai,Tucson,Night,Gas 1.6T AWD,4th Gen,"$30,900","$19,000",No - Too Old,25,30,Yes,No (opt),No (opt),Yes,5★,TSP+,3.5/5.0,31.0,61.9,0.176,0.147,"$4,500","$3,200","$2,550","$7,500"
2019,Hyundai,Tucson,Ultimate,Gas 1.6T AWD,4th Gen,"$33,400","$17,500",No - Too Old,25,30,Yes,Yes,Yes,Yes,5★,TSP+,3.5/5.0,31.0,61.9,0.176,0.147,"$4,500","$3,200","$2,550","$7,000"
2020,Hyundai,Tucson,SE,Gas 2.0L FWD/AWD,4th Gen,"$24,800","$15,500",No - Too Old,23,30,Yes,No (opt),No (opt),Yes,5★,TSP+,3.5/5.0,31.0,61.9,0.191,0.147,"$4,500","$3,200","$2,250","$6,000"
2020,Hyundai,Tucson,Value,Gas 2.0L AWD,4th Gen,"$26,300","$16,000",No - Too Old,22,28,Yes,No (opt),No (opt),Yes,5★,TSP+,3.5/5.0,31.0,61.9,0.2,0.157,"$4,500","$3,200","$2,400","$6,000"
2020,Hyundai,Tucson,SEL,Gas 2.0L AWD,4th Gen,"$27,800","$16,500",No - Too Old,22,28,Yes,No (opt),No (opt),Yes,5★,TSP+,3.5/5.0,31.0,61.9,0.2,0.157,"$4,500","$3,200","$2,400","$6,500"
2020,Hyundai,Tucson,Sport,Gas 1.6T AWD,4th Gen,"$29,800","$17,000",No - Too Old,25,30,Yes,No (opt),No (opt),Yes,5★,TSP+,3.5/5.0,31.0,61.9,0.176,0.147,"$4,500","$3,200","$2,400","$6,500"
2020,Hyundai,Tucson,Night,Gas 1.6T AWD,4th Gen,"$31,300","$17,500",No - Too Old,25,30,Yes,No (opt),No (opt),Yes,5★,TSP+,3.5/5.0,31.0,61.9,0.176,0.147,"$4,500","$3,200","$2,550","$7,000"
2020,Hyundai,Tucson,Ultimate,Gas 1.6T AWD,4th Gen,"$33,800","$19,000",No - Too Old,25,30,Yes,Yes,Yes,Yes,5★,TSP+,3.5/5.0,31.0,61.9,0.176,0.147,"$4,500","$3,200","$2,550","$7,500"
2021,Hyundai,Tucson,SE,Gas 2.0L FWD/AWD,4th Gen,"$25,200","$19,000",Yes,23,30,Yes,No (opt),No (opt),Yes,5★,TSP+,3.5/5.0,31.0,61.9,0.191,0.147,"$3,800","$1,700","$2,400","$6,500"
2021,Hyundai,Tucson,Value,Gas 2.0L AWD,4th Gen,"$26,700","$19,000",Yes,22,28,Yes,No (opt),No (opt),Yes,5★,TSP+,3.5/5.0,31.0,61.9,0.2,0.157,"$3,800","$1,700","$2,400","$6,500"
2021,Hyundai,Tucson,SEL,Gas 2.0L AWD,4th Gen,"$28,200","$20,000",Yes,22,28,Yes,No (opt),No (opt),Yes,5★,TSP+,3.5/5.0,31.0,61.9,0.2,0.157,"$3,800","$1,700","$2,400","$7,000"
2021,Hyundai,Tucson,Sport,Gas 1.6T AWD,4th Gen,"$30,200","$20,500",Yes,25,30,Yes,No (opt),No (opt),Yes,5★,TSP+,3.5/5.0,31.0,61.9,0.176,0.147,"$3,800","$1,700","$2,550","$7,000"
2021,Hyundai,Tucson,Night,Gas 1.6T AWD,4th Gen,"$31,700","$21,000",Yes,25,30,Yes,No (opt),No (opt),Yes,5★,TSP+,3.5/5.0,31.0,61.9,0.176,0.147,"$3,800","$1,700","$2,550","$7,500"
2021,Hyundai,Tucson,Ultimate,Gas 1.6T AWD,4th Gen,"$34,200","$22,000",Yes,25,30,Yes,Yes,Yes,Yes,5★,TSP+,3.5/5.0,31.0,61.9,0.176,0.147,"$3,800","$1,700","$2,550","$8,000"
2022,Hyundai,Tucson,SE,Gas 2.5L AWD,5th Gen,"$28,000","$20,200",Yes,26,33,Yes,Yes,Yes,No (all-touch),5★,TSP+,3.5/5.0,31.9,66.3,0.169,0.133,"$3,800","$1,400","$2,400","$8,000"
2022,Hyundai,Tucson,SEL,Gas 2.5L AWD,5th Gen,"$30,000","$22,200",Yes,26,33,Yes,Yes,Yes,No (all-touch),5★,TSP+,3.5/5.0,31.9,66.3,0.169,0.133,"$3,800","$1,400","$2,550","$9,000"
2022,Hyundai,Tucson,N Line,Gas 2.5T AWD,5th Gen,"$34,000","$22,700",Yes,22,28,Yes,Yes,Yes,No (all-touch),5★,TSP+,3.5/5.0,31.9,66.3,0.2,0.157,"$3,800","$1,400","$2,550","$9,000"
2022,Hyundai,Tucson,SEL Convenience,Gas 2.5L AWD,5th Gen,"$32,000","$22,700",Yes,26,33,Yes,Yes,Yes,No (all-touch),5★,TSP+,3.5/5.0,31.9,66.3,0.169,0.133,"$3,800","$1,400","$2,550","$9,000"
2022,Hyundai,Tucson,XRT,Gas 2.5L AWD,5th Gen,"$33,000","$23,200",Yes,26,33,Yes,Yes,Yes,No (all-touch),5★,TSP+,3.5/5.0,31.9,66.3,0.169,0.133,"$3,800","$1,400","$2,550","$9,500"
2022,Hyundai,Tucson,Limited,Gas 2.5L AWD,5th Gen,"$37,000","$24,200",Yes,26,33,Yes,Yes,Yes,No (all-touch),5★,TSP+,3.5/5.0,31.9,66.3,0.169,0.133,"$3,800","$1,400","$2,700","$9,500"
2023,Hyundai,Tucson,SE,Gas 2.5L AWD,5th Gen,"$28,500","$22,200",Yes,26,33,Yes,Yes,Yes,No (all-touch),5★,TSP+,3.5/5.0,31.9,66.3,0.169,0.133,"$3,800","$1,000","$2,400","$9,000"
2023,Hyundai,Tucson,SEL,Gas 2.5L AWD,5th Gen,"$30,500","$23,200",Yes,26,33,Yes,Yes,Yes,No (all-touch),5★,TSP+,3.5/5.0,31.9,66.3,0.169,0.133,"$3,800","$1,000","$2,550","$9,500"
2023,Hyundai,Tucson,N Line,Gas 2.5T AWD,5th Gen,"$34,500","$24,200",Yes,22,28,Yes,Yes,Yes,No (all-touch),5★,TSP+,3.5/5.0,31.9,66.3,0.2,0.157,"$3,800","$1,000","$2,550","$9,500"
2023,Hyundai,Tucson,SEL Convenience,Gas 2.5L AWD,5th Gen,"$32,500","$24,200",Yes,26,33,Yes,Yes,Yes,No (all-touch),5★,TSP+,3.5/5.0,31.9,66.3,0.169,0.133,"$3,800","$1,000","$2,550","$9,500"
2023,Hyundai,Tucson,XRT,Gas 2.5L AWD,5th Gen,"$33,500","$24,700",Yes,26,33,Yes,Yes,Yes,No (all-touch),5★,TSP+,3.5/5.0,31.9,66.3,0.169,0.133,"$3,800","$1,000","$2,550","$10,000"
2023,Hyundai,Tucson,Limited,Gas 2.5L AWD,5th Gen,"$37,500","$25,700",Yes,26,33,Yes,Yes,Yes,No (all-touch),5★,TSP+,3.5/5.0,31.9,66.3,0.169,0.133,"$3,800","$1,000","$2,700","$10,500"
2024,Hyundai,Tucson,SE,Gas 2.5L AWD,5th Gen,"$29,000","$21,700",Yes,26,33,Yes,Yes,Yes,No (all-touch),5★,TSP+,3.5/5.0,31.9,66.3,0.169,0.133,"$3,800",$800,"$2,400","$8,500"
2024,Hyundai,Tucson,SEL,Gas 2.5L AWD,5th Gen,"$31,000","$23,200",Yes,26,33,Yes,Yes,Yes,No (all-touch),5★,TSP+,3.5/5.0,31.9,66.3,0.169,0.133,"$3,800",$800,"$2,550","$9,500"
2024,Hyundai,Tucson,N Line,Gas 2.5T AWD,5th Gen,"$35,000","$24,200",Yes,22,28,Yes,Yes,Yes,No (all-touch),5★,TSP+,3.5/5.0,31.9,66.3,0.2,0.157,"$3,800",$800,"$2,700","$9,500"
2024,Hyundai,Tucson,SEL Convenience,Gas 2.5L AWD,5th Gen,"$33,000","$25,200",Yes,26,33,Yes,Yes,Yes,No (all-touch),5★,TSP+,3.5/5.0,31.9,66.3,0.169,0.133,"$3,800",$800,"$2,550","$10,000"
2024,Hyundai,Tucson,XRT,Gas 2.5L AWD,5th Gen,"$34,000","$25,200",Yes,26,33,Yes,Yes,Yes,No (all-touch),5★,TSP+,3.5/5.0,31.9,66.3,0.169,0.133,"$3,800",$800,"$2,550","$10,000"
2024,Hyundai,Tucson,Limited,Gas 2.5L AWD,5th Gen,"$38,000","$27,200",Yes,26,33,Yes,Yes,Yes,No (all-touch),5★,TSP+,3.5/5.0,31.9,66.3,0.169,0.133,"$3,800",$800,"$2,700","$11,000"
2025,Hyundai,Tucson,SE,Gas 2.5L AWD,5th Gen,"$29,500","$29,500",N/A - New,26,33,Yes,Yes,Yes,No (all-touch),5★,TSP+,3.5/5.0,31.9,66.3,0.169,0.133,"$2,800",$400,"$2,400","$12,500"
2025,Hyundai,Tucson,SEL,Gas 2.5L AWD,5th Gen,"$31,500","$31,500",N/A - New,26,33,Yes,Yes,Yes,No (all-touch),5★,TSP+,3.5/5.0,31.9,66.3,0.169,0.133,"$2,800",$400,"$2,550","$13,500"
2025,Hyundai,Tucson,N Line,Gas 2.5T AWD,5th Gen,"$35,500","$35,500",N/A - New,22,28,Yes,Yes,Yes,No (all-touch),5★,TSP+,3.5/5.0,31.9,66.3,0.2,0.157,"$2,800",$400,"$2,700","$15,000"
2025,Hyundai,Tucson,SEL Convenience,Gas 2.5L AWD,5th Gen,"$33,500","$33,500",N/A - New,26,33,Yes,Yes,Yes,No (all-touch),5★,TSP+,3.5/5.0,31.9,66.3,0.169,0.133,"$2,800",$400,"$2,550","$14,000"
2025,Hyundai,Tucson,XRT,Gas 2.5L AWD,5th Gen,"$34,500","$34,500",N/A - New,26,33,Yes,Yes,Yes,No (all-touch),5★,TSP+,3.5/5.0,31.9,66.3,0.169,0.133,"$2,800",$400,"$2,550","$14,500"
2025,Hyundai,Tucson,Limited,Gas 2.5L AWD,5th Gen,"$38,500","$38,500",N/A - New,26,33,Yes,Yes,Yes,No (all-touch),5★,TSP+,3.5/5.0,31.9,66.3,0.169,0.133,"$2,800",$400,"$2,700","$16,000"
2026,Hyundai,Tucson,SE,Gas 2.5L AWD,5th Gen,"$30,000","$30,000",N/A - New,26,33,Yes,Yes,Yes,No (all-touch),5★,TSP+,3.5/5.0,31.9,66.3,0.169,0.133,"$2,800",$400,"$2,550","$12,500"
2026,Hyundai,Tucson,SEL,Gas 2.5L AWD,5th Gen,"$32,000","$32,000",N/A - New,26,33,Yes,Yes,Yes,No (all-touch),5★,TSP+,3.5/5.0,31.9,66.3,0.169,0.133,"$2,800",$400,"$2,550","$13,500"
2026,Hyundai,Tucson,N Line,Gas 2.5T AWD,5th Gen,"$36,000","$36,000",N/A - New,22,28,Yes,Yes,Yes,No (all-touch),5★,TSP+,3.5/5.0,31.9,66.3,0.2,0.157,"$2,800",$400,"$2,700","$15,000"
2026,Hyundai,Tucson,SEL Convenience,Gas 2.5L AWD,5th Gen,"$34,000","$34,000",N/A - New,26,33,Yes,Yes,Yes,No (all-touch),5★,TSP+,3.5/5.0,31.9,66.3,0.169,0.133,"$2,800",$400,"$2,550","$14,500"
2026,Hyundai,Tucson,XRT,Gas 2.5L AWD,5th Gen,"$35,000","$35,000",N/A - New,26,33,Yes,Yes,Yes,No (all-touch),5★,TSP+,3.5/5.0,31.9,66.3,0.169,0.133,"$2,800",$400,"$2,700","$14,500"
2026,Hyundai,Tucson,Limited,Gas 2.5L AWD,5th Gen,"$39,000","$39,000",N/A - New,26,33,Yes,Yes,Yes,No (all-touch),5★,TSP+,3.5/5.0,31.9,66.3,0.169,0.133,"$2,800",$400,"$2,700","$16,500"
2022,Hyundai,Tucson,Blue Hybrid,Hybrid,5th Gen,"$33,000","$26,000",Yes,38,38,Yes,Yes,Yes,No (all-touch),5★,TSP+,3.5/5.0,31.9,66.3,0.116,0.116,"$3,500","$1,300","$2,550","$9,000"
2022,Hyundai,Tucson,SEL Hybrid,Hybrid,5th Gen,"$36,000","$26,500",Yes,38,38,Yes,Yes,Yes,No (all-touch),5★,TSP+,3.5/5.0,31.9,66.3,0.116,0.116,"$3,500","$1,300","$2,700","$9,500"
2022,Hyundai,Tucson,N Line Hybrid,Hybrid,5th Gen,"$38,000","$27,500",Yes,38,38,Yes,Yes,Yes,No (all-touch),5★,TSP+,3.5/5.0,31.9,66.3,0.116,0.116,"$3,500","$1,300","$2,700","$10,000"
2022,Hyundai,Tucson,SEL Convenience Hybrid,Hybrid,5th Gen,"$37,500","$25,500",Yes,38,38,Yes,Yes,Yes,No (all-touch),5★,TSP+,3.5/5.0,31.9,66.3,0.116,0.116,"$3,500","$1,300","$2,700","$9,000"
2022,Hyundai,Tucson,Limited Hybrid,Hybrid,5th Gen,"$42,000","$29,000",Yes,38,38,Yes,Yes,Yes,No (all-touch),5★,TSP+,3.5/5.0,31.9,66.3,0.116,0.116,"$3,500","$1,300","$2,850","$10,500"
2023,Hyundai,Tucson,Blue Hybrid,Hybrid,5th Gen,"$33,500","$26,500",Yes,38,38,Yes,Yes,Yes,No (all-touch),5★,TSP+,3.5/5.0,31.9,66.3,0.116,0.116,"$3,500","$1,000","$2,550","$10,000"
2023,Hyundai,Tucson,SEL Hybrid,Hybrid,5th Gen,"$36,500","$27,500",Yes,38,38,Yes,Yes,Yes,No (all-touch),5★,TSP+,3.5/5.0,31.9,66.3,0.116,0.116,"$3,500","$1,000","$2,700","$10,500"
2023,Hyundai,Tucson,N Line Hybrid,Hybrid,5th Gen,"$38,500","$28,500",Yes,38,38,Yes,Yes,Yes,No (all-touch),5★,TSP+,3.5/5.0,31.9,66.3,0.116,0.116,"$3,500","$1,000","$2,700","$11,000"
2023,Hyundai,Tucson,SEL Convenience Hybrid,Hybrid,5th Gen,"$38,000","$28,500",Yes,38,38,Yes,Yes,Yes,No (all-touch),5★,TSP+,3.5/5.0,31.9,66.3,0.116,0.116,"$3,500","$1,000","$2,700","$11,000"
2023,Hyundai,Tucson,Limited Hybrid,Hybrid,5th Gen,"$42,500","$30,500",Yes,38,38,Yes,Yes,Yes,No (all-touch),5★,TSP+,3.5/5.0,31.9,66.3,0.116,0.116,"$3,500","$1,000","$2,850","$12,000"
2024,Hyundai,Tucson,Blue Hybrid,Hybrid,5th Gen,"$34,000","$25,700",Yes,38,38,Yes,Yes,Yes,No (all-touch),5★,TSP+,3.5/5.0,31.9,66.3,0.116,0.116,"$3,500",$800,"$2,550","$10,500"
2024,Hyundai,Tucson,SEL Hybrid,Hybrid,5th Gen,"$37,000","$26,200",Yes,38,38,Yes,Yes,Yes,No (all-touch),5★,TSP+,3.5/5.0,31.9,66.3,0.116,0.116,"$3,500",$800,"$2,700","$11,000"
2024,Hyundai,Tucson,N Line Hybrid,Hybrid,5th Gen,"$39,000","$27,700",Yes,38,38,Yes,Yes,Yes,No (all-touch),5★,TSP+,3.5/5.0,31.9,66.3,0.116,0.116,"$3,500",$800,"$2,700","$11,500"
2024,Hyundai,Tucson,SEL Convenience Hybrid,Hybrid,5th Gen,"$38,500","$27,200",Yes,38,38,Yes,Yes,Yes,No (all-touch),5★,TSP+,3.5/5.0,31.9,66.3,0.116,0.116,"$3,500",$800,"$2,700","$11,500"
2024,Hyundai,Tucson,Limited Hybrid,Hybrid,5th Gen,"$43,000","$29,700",Yes,38,38,Yes,Yes,Yes,No (all-touch),5★,TSP+,3.5/5.0,31.9,66.3,0.116,0.116,"$3,500",$800,"$2,850","$12,500"
2025,Hyundai,Tucson,Blue Hybrid,Hybrid,5th Gen,"$34,500","$34,500",N/A - New,38,38,Yes,Yes,Yes,No (all-touch),5★,TSP+,3.5/5.0,31.9,66.3,0.116,0.116,"$2,500",$400,"$2,550","$15,000"
2025,Hyundai,Tucson,SEL Hybrid,Hybrid,5th Gen,"$37,500","$37,500",N/A - New,38,38,Yes,Yes,Yes,No (all-touch),5★,TSP+,3.5/5.0,31.9,66.3,0.116,0.116,"$2,500",$400,"$2,700","$16,500"
2025,Hyundai,Tucson,N Line Hybrid,Hybrid,5th Gen,"$39,500","$39,500",N/A - New,38,38,Yes,Yes,Yes,No (all-touch),5★,TSP+,3.5/5.0,31.9,66.3,0.116,0.116,"$2,500",$400,"$2,700","$17,500"
2025,Hyundai,Tucson,SEL Convenience Hybrid,Hybrid,5th Gen,"$39,000","$39,000",N/A - New,38,38,Yes,Yes,Yes,No (all-touch),5★,TSP+,3.5/5.0,31.9,66.3,0.116,0.116,"$2,500",$400,"$2,700","$17,000"
2025,Hyundai,Tucson,Limited Hybrid,Hybrid,5th Gen,"$43,500","$43,500",N/A - New,38,38,Yes,Yes,Yes,No (all-touch),5★,TSP+,3.5/5.0,31.9,66.3,0.116,0.116,"$2,500",$400,"$2,850","$19,000"
2026,Hyundai,Tucson,Blue Hybrid,Hybrid,5th Gen,"$35,000","$35,000",N/A - New,38,38,Yes,Yes,Yes,No (all-touch),5★,TSP+,3.5/5.0,31.9,66.3,0.116,0.116,"$2,500",$400,"$2,700","$15,500"
2026,Hyundai,Tucson,SEL Hybrid,Hybrid,5th Gen,"$38,000","$38,000",N/A - New,38,38,Yes,Yes,Yes,No (all-touch),5★,TSP+,3.5/5.0,31.9,66.3,0.116,0.116,"$2,500",$400,"$2,700","$16,500"
2026,Hyundai,Tucson,N Line Hybrid,Hybrid,5th Gen,"$40,000","$40,000",N/A - New,38,38,Yes,Yes,Yes,No (all-touch),5★,TSP+,3.5/5.0,31.9,66.3,0.116,0.116,"$2,500",$400,"$2,850","$17,500"
2026,Hyundai,Tucson,SEL Convenience Hybrid,Hybrid,5th Gen,"$39,500","$39,500",N/A - New,38,38,Yes,Yes,Yes,No (all-touch),5★,TSP+,3.5/5.0,31.9,66.3,0.116,0.116,"$2,500",$400,"$2,700","$17,500"
2026,Hyundai,Tucson,Limited Hybrid,Hybrid,5th Gen,"$44,000","$44,000",N/A - New,38,38,Yes,Yes,Yes,No (all-touch),5★,TSP+,3.5/5.0,31.9,66.3,0.116,0.116,"$2,500",$400,"$2,850","$19,500"
2022,Hyundai,Tucson,SEL PHEV,PHEV,5th Gen,"$39,000","$26,000",Yes,80,76,Yes,Yes,Yes,No (all-touch),5★,,3.5/5.0,29.6,63.2,0.098,0.099,"$3,700","$1,400","$2,800","$9,500"
2022,Hyundai,Tucson,Limited PHEV,PHEV,5th Gen,"$46,000","$30,000",Yes,80,76,Yes,Yes,Yes,No (all-touch),5★,,3.5/5.0,29.6,63.2,0.098,0.099,"$3,700","$1,400","$3,100","$11,000"
2023,Hyundai,Tucson,SEL PHEV,PHEV,5th Gen,"$39,600","$29,500",Yes,80,76,Yes,Yes,Yes,No (all-touch),5★,,3.5/5.0,29.6,63.2,0.098,0.099,"$3,700","$1,000","$2,800","$11,000"
2023,Hyundai,Tucson,Limited PHEV,PHEV,5th Gen,"$46,600","$31,500",Yes,80,76,Yes,Yes,Yes,No (all-touch),5★,,3.5/5.0,29.6,63.2,0.098,0.099,"$3,700","$1,000","$3,100","$12,000"
2024,Hyundai,Tucson,SEL PHEV,PHEV,5th Gen,"$40,200","$27,200",Yes,80,76,Yes,Yes,Yes,No (all-touch),5★,,3.5/5.0,29.6,63.2,0.098,0.099,"$3,700",$800,"$2,950","$11,000"
2024,Hyundai,Tucson,Limited PHEV,PHEV,5th Gen,"$47,200","$30,200",Yes,80,76,Yes,Yes,Yes,No (all-touch),5★,,3.5/5.0,29.6,63.2,0.098,0.099,"$3,700",$800,"$3,100","$12,000"
2025,Hyundai,Tucson,SEL PHEV,PHEV,5th Gen,"$40,800","$40,800",N/A - New,80,76,Yes,Yes,Yes,No (all-touch),5★,,3.5/5.0,29.6,63.2,0.098,0.099,"$2,700",$400,"$2,950","$17,000"
2025,Hyundai,Tucson,Limited PHEV,PHEV,5th Gen,"$47,800","$47,800",N/A - New,80,76,Yes,Yes,Yes,No (all-touch),5★,,3.5/5.0,29.6,63.2,0.098,0.099,"$2,700",$400,"$3,100","$20,000"
2026,Hyundai,Tucson,SEL PHEV,PHEV,5th Gen,"$41,400","$41,400",N/A - New,80,76,Yes,Yes,Yes,No (all-touch),5★,,3.5/5.0,29.6,63.2,0.098,0.099,"$2,700",$400,"$2,950","$17,500"
2026,Hyundai,Tucson,Limited PHEV,PHEV,5th Gen,"$48,400","$48,400",N/A - New,80,76,Yes,Yes,Yes,No (all-touch),5★,,3.5/5.0,29.6,63.2,0.098,0.099,"$2,700",$400,"$3,100","$20,500"
2018,Kia,Sportage,LX,Gas 2.4L FWD/AWD,4th Gen,"$24,500","$12,500",No - Too Old,23,30,Yes,No (opt),No (opt),Yes,5★,,3.5/5.0,30.7,62.8,0.191,0.147,"$4,500","$3,500","$2,300","$5,000"
2018,Kia,Sportage,S,Gas 2.4L AWD,4th Gen,"$26,500","$13,000",No - Too Old,22,28,Yes,No (opt),No (opt),Yes,5★,,3.5/5.0,30.7,62.8,0.2,0.157,"$4,500","$3,500","$2,450","$5,000"
2018,Kia,Sportage,EX,Gas 2.4L AWD,4th Gen,"$28,500","$14,000",No - Too Old,22,28,Yes,Yes,Yes,Yes,5★,,3.5/5.0,30.7,62.8,0.2,0.157,"$4,500","$3,500","$2,450","$5,500"
2018,Kia,Sportage,SX,Gas 2.0T AWD,4th Gen,"$30,500","$15,000",No - Too Old,21,27,Yes,Yes,Yes,Yes,5★,,3.5/5.0,30.7,62.8,0.21,0.163,"$4,500","$3,500","$2,600","$6,000"
2018,Kia,Sportage,SX Turbo,Gas 2.0T AWD,4th Gen,"$33,500","$16,000",No - Too Old,21,27,Yes,Yes,Yes,Yes,5★,,3.5/5.0,30.7,62.8,0.21,0.163,"$4,500","$3,500","$2,600","$6,000"
2019,Kia,Sportage,LX,Gas 2.4L FWD/AWD,4th Gen,"$24,900","$13,500",No - Too Old,23,30,Yes,No (opt),No (opt),Yes,5★,,3.5/5.0,30.7,62.8,0.191,0.147,"$4,500","$3,500","$2,300","$5,500"
2019,Kia,Sportage,S,Gas 2.4L AWD,4th Gen,"$26,900","$14,500",No - Too Old,22,28,Yes,No (opt),No (opt),Yes,5★,,3.5/5.0,30.7,62.8,0.2,0.157,"$4,500","$3,500","$2,450","$5,500"
2019,Kia,Sportage,EX,Gas 2.4L AWD,4th Gen,"$28,900","$15,500",No - Too Old,22,28,Yes,Yes,Yes,Yes,5★,,3.5/5.0,30.7,62.8,0.2,0.157,"$4,500","$3,500","$2,450","$6,000"
2019,Kia,Sportage,SX,Gas 2.0T AWD,4th Gen,"$30,900","$16,500",No - Too Old,21,27,Yes,Yes,Yes,Yes,5★,,3.5/5.0,30.7,62.8,0.21,0.163,"$4,500","$3,500","$2,600","$6,500"
2019,Kia,Sportage,SX Turbo,Gas 2.0T AWD,4th Gen,"$33,900","$17,500",No - Too Old,21,27,Yes,Yes,Yes,Yes,5★,,3.5/5.0,30.7,62.8,0.21,0.163,"$4,500","$3,500","$2,600","$7,000"
2020,Kia,Sportage,LX,Gas 2.4L FWD/AWD,4th Gen,"$25,300","$15,000",No - Too Old,23,30,Yes,No (opt),No (opt),Yes,5★,,3.5/5.0,30.7,62.8,0.191,0.147,"$4,500","$3,500","$2,450","$6,000"
2020,Kia,Sportage,S,Gas 2.4L AWD,4th Gen,"$27,300","$16,000",No - Too Old,22,28,Yes,No (opt),No (opt),Yes,5★,,3.5/5.0,30.7,62.8,0.2,0.157,"$4,500","$3,500","$2,450","$6,000"
2020,Kia,Sportage,EX,Gas 2.4L AWD,4th Gen,"$29,300","$17,000",No - Too Old,22,28,Yes,Yes,Yes,Yes,5★,,3.5/5.0,30.7,62.8,0.2,0.157,"$4,500","$3,500","$2,450","$6,500"
2020,Kia,Sportage,SX,Gas 2.0T AWD,4th Gen,"$31,300","$18,000",No - Too Old,21,27,Yes,Yes,Yes,Yes,5★,,3.5/5.0,30.7,62.8,0.21,0.163,"$4,500","$3,500","$2,600","$7,000"
2020,Kia,Sportage,SX Turbo,Gas 2.0T AWD,4th Gen,"$34,300","$20,000",No - Too Old,21,27,Yes,Yes,Yes,Yes,5★,,3.5/5.0,30.7,62.8,0.21,0.163,"$4,500","$3,500","$2,600","$8,000"
2021,Kia,Sportage,LX,Gas 2.4L FWD/AWD,4th Gen,"$25,700","$17,500",Yes,23,30,Yes,No (opt),No (opt),Yes,5★,,3.5/5.0,30.7,62.8,0.191,0.147,"$3,800","$1,600","$2,450","$6,000"
2021,Kia,Sportage,S,Gas 2.4L AWD,4th Gen,"$27,700","$18,500",Yes,22,28,Yes,No (opt),No (opt),Yes,5★,,3.5/5.0,30.7,62.8,0.2,0.157,"$3,800","$1,600","$2,450","$6,500"
2021,Kia,Sportage,EX,Gas 2.4L AWD,4th Gen,"$29,700","$19,500",Yes,22,28,Yes,Yes,Yes,Yes,5★,,3.5/5.0,30.7,62.8,0.2,0.157,"$3,800","$1,600","$2,450","$7,000"
2021,Kia,Sportage,SX,Gas 2.0T AWD,4th Gen,"$31,700","$20,500",Yes,21,27,Yes,Yes,Yes,Yes,5★,,3.5/5.0,30.7,62.8,0.21,0.163,"$3,800","$1,600","$2,600","$7,500"
2021,Kia,Sportage,SX Turbo,Gas 2.0T AWD,4th Gen,"$34,700","$22,000",Yes,21,27,Yes,Yes,Yes,Yes,5★,,3.5/5.0,30.7,62.8,0.21,0.163,"$3,800","$1,600","$2,600","$8,000"
2022,Kia,Sportage,LX,Gas 2.4L FWD/AWD,4th Gen,"$26,100","$18,000",Yes,23,30,Yes,No (opt),No (opt),Yes,5★,,3.5/5.0,30.7,62.8,0.191,0.147,"$3,800","$1,500","$2,450","$6,500"
2022,Kia,Sportage,S,Gas 2.4L AWD,4th Gen,"$28,100","$18,500",Yes,22,28,Yes,No (opt),No (opt),Yes,5★,,3.5/5.0,30.7,62.8,0.2,0.157,"$3,800","$1,500","$2,450","$6,500"
2022,Kia,Sportage,EX,Gas 2.4L AWD,4th Gen,"$30,100","$20,000",Yes,22,28,Yes,Yes,Yes,Yes,5★,,3.5/5.0,30.7,62.8,0.2,0.157,"$3,800","$1,500","$2,600","$7,000"
2022,Kia,Sportage,SX,Gas 2.0T AWD,4th Gen,"$32,100","$21,500",Yes,21,27,Yes,Yes,Yes,Yes,5★,,3.5/5.0,30.7,62.8,0.21,0.163,"$3,800","$1,500","$2,600","$8,000"
2022,Kia,Sportage,SX Turbo,Gas 2.0T AWD,4th Gen,"$35,100","$23,500",Yes,21,27,Yes,Yes,Yes,Yes,5★,,3.5/5.0,30.7,62.8,0.21,0.163,"$3,800","$1,500","$2,750","$8,500"
2023,Kia,Sportage,LX,Gas 2.5L AWD,5th Gen,"$29,000","$21,200",Yes,26,33,Yes,Yes,Yes,No (capacitive touch),5★,,3.5/5.0,31.0,63.5,0.169,0.133,"$3,800","$1,100","$2,450","$8,500"
2023,Kia,Sportage,S,Gas 2.5L AWD,5th Gen,"$31,000","$23,200",Yes,26,33,Yes,Yes,Yes,No (capacitive touch),5★,,3.5/5.0,31.0,63.5,0.169,0.133,"$3,800","$1,100","$2,600","$9,500"
2023,Kia,Sportage,EX,Gas 2.5L AWD,5th Gen,"$33,000","$24,200",Yes,26,33,Yes,Yes,Yes,No (capacitive touch),5★,,3.5/5.0,31.0,63.5,0.169,0.133,"$3,800","$1,100","$2,600","$9,500"
2023,Kia,Sportage,X-Pro,Gas 2.5L AWD,5th Gen,"$34,500","$25,200",Yes,25,31,Yes,Yes,Yes,No (capacitive touch),5★,,3.5/5.0,31.0,63.5,0.176,0.142,"$3,800","$1,100","$2,600","$10,000"
2023,Kia,Sportage,SX Prestige,Gas 2.5T AWD,5th Gen,"$38,000","$27,700",Yes,22,28,Yes,Yes,Yes,No (capacitive touch),5★,,3.5/5.0,31.0,63.5,0.2,0.157,"$3,800","$1,100","$2,750","$11,000"
2024,Kia,Sportage,LX,Gas 2.5L AWD,5th Gen,"$29,400","$22,200",Yes,26,33,Yes,Yes,Yes,No (capacitive touch),5★,,3.5/5.0,31.0,63.5,0.169,0.133,"$3,800",$900,"$2,450","$9,000"
2024,Kia,Sportage,S,Gas 2.5L AWD,5th Gen,"$31,400","$23,700",Yes,26,33,Yes,Yes,Yes,No (capacitive touch),5★,,3.5/5.0,31.0,63.5,0.169,0.133,"$3,800",$900,"$2,600","$9,500"
2024,Kia,Sportage,EX,Gas 2.5L AWD,5th Gen,"$33,400","$25,700",Yes,26,33,Yes,Yes,Yes,No (capacitive touch),5★,,3.5/5.0,31.0,63.5,0.169,0.133,"$3,800",$900,"$2,600","$10,500"
2024,Kia,Sportage,X-Pro,Gas 2.5L AWD,5th Gen,"$34,900","$26,700",Yes,25,31,Yes,Yes,Yes,No (capacitive touch),5★,,3.5/5.0,31.0,63.5,0.176,0.142,"$3,800",$900,"$2,600","$10,500"
2024,Kia,Sportage,SX Prestige,Gas 2.5T AWD,5th Gen,"$38,400","$30,200",Yes,22,28,Yes,Yes,Yes,No (capacitive touch),5★,,3.5/5.0,31.0,63.5,0.2,0.157,"$3,800",$900,"$2,750","$12,000"
2025,Kia,Sportage,LX,Gas 2.5L AWD,5th Gen,"$29,800","$29,800",N/A - New,26,33,Yes,Yes,Yes,No (capacitive touch),5★,,3.5/5.0,31.0,63.5,0.169,0.133,"$2,800",$400,"$2,450","$12,500"
2025,Kia,Sportage,S,Gas 2.5L AWD,5th Gen,"$31,800","$31,800",N/A - New,26,33,Yes,Yes,Yes,No (capacitive touch),5★,,3.5/5.0,31.0,63.5,0.169,0.133,"$2,800",$400,"$2,600","$13,500"
2025,Kia,Sportage,EX,Gas 2.5L AWD,5th Gen,"$33,800","$33,800",N/A - New,26,33,Yes,Yes,Yes,No (capacitive touch),5★,,3.5/5.0,31.0,63.5,0.169,0.133,"$2,800",$400,"$2,600","$14,000"
2025,Kia,Sportage,X-Pro,Gas 2.5L AWD,5th Gen,"$35,300","$35,300",N/A - New,25,31,Yes,Yes,Yes,No (capacitive touch),5★,,3.5/5.0,31.0,63.5,0.176,0.142,"$2,800",$400,"$2,750","$15,000"
2025,Kia,Sportage,SX Prestige,Gas 2.5T AWD,5th Gen,"$38,800","$38,800",N/A - New,22,28,Yes,Yes,Yes,No (capacitive touch),5★,,3.5/5.0,31.0,63.5,0.2,0.157,"$2,800",$400,"$2,750","$16,500"
2026,Kia,Sportage,LX,Gas 2.5L AWD,5th Gen,"$30,200","$30,200",N/A - New,26,33,Yes,Yes,Yes,No (capacitive touch),5★,,3.5/5.0,31.0,63.5,0.169,0.133,"$2,800",$400,"$2,600","$12,500"
2026,Kia,Sportage,S,Gas 2.5L AWD,5th Gen,"$32,200","$32,200",N/A - New,26,33,Yes,Yes,Yes,No (capacitive touch),5★,,3.5/5.0,31.0,63.5,0.169,0.133,"$2,800",$400,"$2,600","$13,500"
2026,Kia,Sportage,EX,Gas 2.5L AWD,5th Gen,"$34,200","$34,200",N/A - New,26,33,Yes,Yes,Yes,No (capacitive touch),5★,,3.5/5.0,31.0,63.5,0.169,0.133,"$2,800",$400,"$2,600","$14,500"
2026,Kia,Sportage,X-Pro,Gas 2.5L AWD,5th Gen,"$35,700","$35,700",N/A - New,25,31,Yes,Yes,Yes,No (capacitive touch),5★,,3.5/5.0,31.0,63.5,0.176,0.142,"$2,800",$400,"$2,750","$15,000"
2026,Kia,Sportage,SX Prestige,Gas 2.5T AWD,5th Gen,"$39,200","$39,200",N/A - New,22,28,Yes,Yes,Yes,No (capacitive touch),5★,,3.5/5.0,31.0,63.5,0.2,0.157,"$2,800",$400,"$2,750","$16,500"
2023,Kia,Sportage,LX Hybrid,Hybrid,5th Gen,"$33,500","$23,000",Yes,39,38,Yes,Yes,No (std on SX Prestige only),No (capacitive touch),5★,,3.5/5.0,31.0,63.5,0.113,0.116,"$3,500","$1,100","$2,600","$9,500"
2023,Kia,Sportage,EX Hybrid,Hybrid,5th Gen,"$36,000","$26,000",Yes,39,38,Yes,Yes,No (std on SX Prestige only),No (capacitive touch),5★,,3.5/5.0,31.0,63.5,0.113,0.116,"$3,500","$1,100","$2,750","$11,000"
2023,Kia,Sportage,SX Prestige Hybrid,Hybrid,5th Gen,"$39,000","$29,200",Yes,39,38,Yes,Yes,Yes,No (capacitive touch),5★,,3.5/5.0,31.0,63.5,0.113,0.116,"$3,500","$1,100","$2,750","$12,500"
2024,Kia,Sportage,LX Hybrid,Hybrid,5th Gen,"$34,000","$24,200",Yes,39,38,Yes,Yes,No (std on SX Prestige only),No (capacitive touch),5★,,3.5/5.0,31.0,63.5,0.113,0.116,"$3,500",$900,"$2,600","$10,000"
2024,Kia,Sportage,EX Hybrid,Hybrid,5th Gen,"$36,500","$26,700",Yes,39,38,Yes,Yes,No (std on SX Prestige only),No (capacitive touch),5★,,3.5/5.0,31.0,63.5,0.113,0.116,"$3,500",$900,"$2,750","$11,000"
2024,Kia,Sportage,SX Prestige Hybrid,Hybrid,5th Gen,"$39,500","$30,700",Yes,39,38,Yes,Yes,Yes,No (capacitive touch),5★,,3.5/5.0,31.0,63.5,0.113,0.116,"$3,500",$900,"$2,750","$13,000"
2025,Kia,Sportage,LX Hybrid,Hybrid,5th Gen,"$34,500","$34,500",N/A - New,39,38,Yes,Yes,No (std on SX Prestige only),No (capacitive touch),5★,,3.5/5.0,31.0,63.5,0.113,0.116,"$2,500",$400,"$2,600","$15,000"
2025,Kia,Sportage,EX Hybrid,Hybrid,5th Gen,"$37,000","$37,000",N/A - New,39,38,Yes,Yes,No (std on SX Prestige only),No (capacitive touch),5★,,3.5/5.0,31.0,63.5,0.113,0.116,"$2,500",$400,"$2,750","$16,000"
2025,Kia,Sportage,SX Prestige Hybrid,Hybrid,5th Gen,"$40,000","$40,000",N/A - New,39,38,Yes,Yes,Yes,No (capacitive touch),5★,,3.5/5.0,31.0,63.5,0.113,0.116,"$2,500",$400,"$2,900","$17,500"
2026,Kia,Sportage,LX Hybrid,Hybrid,5th Gen,"$35,000","$35,000",N/A - New,39,38,Yes,Yes,No (std on SX Prestige only),No (capacitive touch),5★,,3.5/5.0,31.0,63.5,0.113,0.116,"$2,500",$400,"$2,750","$15,500"
2026,Kia,Sportage,EX Hybrid,Hybrid,5th Gen,"$37,500","$37,500",N/A - New,39,38,Yes,Yes,No (std on SX Prestige only),No (capacitive touch),5★,,3.5/5.0,31.0,63.5,0.113,0.116,"$2,500",$400,"$2,750","$16,500"
2026,Kia,Sportage,SX Prestige Hybrid,Hybrid,5th Gen,"$40,500","$40,500",N/A - New,39,38,Yes,Yes,Yes,No (capacitive touch),5★,,3.5/5.0,31.0,63.5,0.113,0.116,"$2,500",$400,"$2,900","$17,500"
2018,Toyota,C-HR,LE,Gas,1st Gen,"$22,000","$13,500",No - Too Old,27,31,No (FWD only),Yes,Yes,Yes,4★,TSP,4.0/5.0,19.0,36.4,0.163,0.142,"$4,500","$3,300","$2,100","$5,500"
2018,Toyota,C-HR,XLE,Gas,1st Gen,"$24,000","$14,500",No - Too Old,27,31,No (FWD only),Yes,Yes,Yes,4★,TSP,4.0/5.0,19.0,36.4,0.163,0.142,"$4,500","$3,300","$2,100","$5,500"
2018,Toyota,C-HR,XLE Premium,Gas,1st Gen,"$26,000","$15,500",No - Too Old,27,31,No (FWD only),Yes,Yes,Yes,4★,TSP,4.0/5.0,19.0,36.4,0.163,0.142,"$4,500","$3,300","$2,250","$6,000"
2018,Toyota,C-HR,Limited,Gas,1st Gen,"$28,000","$17,000",No - Too Old,27,31,No (FWD only),Yes,Yes,Yes,4★,TSP,4.0/5.0,19.0,36.4,0.163,0.142,"$4,500","$3,300","$2,250","$6,500"
2019,Toyota,C-HR,LE,Gas,1st Gen,"$22,500","$14,500",No - Too Old,27,31,No (FWD only),Yes,Yes,Yes,4★,TSP,4.0/5.0,19.0,36.4,0.163,0.142,"$4,500","$3,300","$2,100","$5,500"
2019,Toyota,C-HR,XLE,Gas,1st Gen,"$24,500","$16,000",No - Too Old,27,31,No (FWD only),Yes,Yes,Yes,4★,TSP,4.0/5.0,19.0,36.4,0.163,0.142,"$4,500","$3,300","$2,100","$6,000"
2019,Toyota,C-HR,XLE Premium,Gas,1st Gen,"$26,500","$17,000",No - Too Old,27,31,No (FWD only),Yes,Yes,Yes,4★,TSP,4.0/5.0,19.0,36.4,0.163,0.142,"$4,500","$3,300","$2,250","$6,500"
2019,Toyota,C-HR,Limited,Gas,1st Gen,"$28,500","$18,500",No - Too Old,27,31,No (FWD only),Yes,Yes,Yes,4★,TSP,4.0/5.0,19.0,36.4,0.163,0.142,"$4,500","$3,300","$2,250","$7,000"
2020,Toyota,C-HR,LE,Gas,1st Gen,"$23,000","$17,200",Yes,27,31,No (FWD only),Yes,Yes,Yes,4★,TSP,4.0/5.0,19.0,36.4,0.163,0.142,"$3,800","$2,100","$2,100","$6,000"
2020,Toyota,C-HR,XLE,Gas,1st Gen,"$25,000","$18,700",Yes,27,31,No (FWD only),Yes,Yes,Yes,4★,TSP,4.0/5.0,19.0,36.4,0.163,0.142,"$3,800","$2,100","$2,250","$7,000"
2020,Toyota,C-HR,Nightshade,Gas,1st Gen,"$26,000","$19,200",Yes,27,31,No (FWD only),Yes,Yes,Yes,4★,TSP,4.0/5.0,19.0,36.4,0.163,0.142,"$3,800","$2,100","$2,250","$7,000"
2020,Toyota,C-HR,Limited,Gas,1st Gen,"$29,000","$20,700",Yes,27,31,No (FWD only),Yes,Yes,Yes,4★,TSP,4.0/5.0,19.0,36.4,0.163,0.142,"$3,800","$2,100","$2,250","$7,500"
2021,Toyota,C-HR,LE,Gas,1st Gen,"$23,500","$20,700",Yes,27,31,No (FWD only),Yes,Yes,Yes,4★,TSP,4.0/5.0,19.0,36.4,0.163,0.142,"$3,800","$2,000","$2,100","$7,500"
2021,Toyota,C-HR,XLE,Gas,1st Gen,"$25,500","$22,200",Yes,27,31,No (FWD only),Yes,Yes,Yes,4★,TSP,4.0/5.0,19.0,36.4,0.163,0.142,"$3,800","$2,000","$2,250","$8,000"
2021,Toyota,C-HR,Nightshade,Gas,1st Gen,"$26,500","$22,700",Yes,27,31,No (FWD only),Yes,Yes,Yes,4★,TSP,4.0/5.0,19.0,36.4,0.163,0.142,"$3,800","$2,000","$2,250","$8,500"
2021,Toyota,C-HR,Limited,Gas,1st Gen,"$29,500","$24,200",Yes,27,31,No (FWD only),Yes,Yes,Yes,4★,TSP,4.0/5.0,19.0,36.4,0.163,0.142,"$3,800","$2,000","$2,250","$9,000"
2022,Toyota,C-HR,LE,Gas,1st Gen,"$24,000","$22,200",Yes,27,31,No (FWD only),Yes,Yes,Yes,4★,TSP,4.0/5.0,19.0,36.4,0.163,0.142,"$3,800","$1,900","$2,100","$8,000"
2022,Toyota,C-HR,XLE,Gas,1st Gen,"$26,000","$23,700",Yes,27,31,No (FWD only),Yes,Yes,Yes,4★,TSP,4.0/5.0,19.0,36.4,0.163,0.142,"$3,800","$1,900","$2,250","$9,000"
2022,Toyota,C-HR,Nightshade,Gas,1st Gen,"$27,000","$24,200",Yes,27,31,No (FWD only),Yes,Yes,Yes,4★,TSP,4.0/5.0,19.0,36.4,0.163,0.142,"$3,800","$1,900","$2,250","$9,000"
2022,Toyota,C-HR,Limited,Gas,1st Gen,"$30,000","$25,700",Yes,27,31,No (FWD only),Yes,Yes,Yes,4★,TSP,4.0/5.0,19.0,36.4,0.163,0.142,"$3,800","$1,900","$2,400","$9,500"
2022,Toyota,Corolla Cross,L,Gas,1st Gen,"$24,000","$17,700",Yes,29,35,Yes (opt),Yes,Yes,Yes,5★,TSP,4.0/5.0,24.3,46.0,0.152,0.126,"$3,800","$1,900","$2,100","$7,500"
2022,Toyota,Corolla Cross,LE,Gas,1st Gen,"$26,500","$19,700",Yes,29,35,Yes (opt),Yes,Yes,Yes,5★,TSP,4.0/5.0,24.3,46.0,0.152,0.126,"$3,800","$1,900","$2,250","$8,500"
2022,Toyota,Corolla Cross,XSE,Gas,1st Gen,"$29,000","$21,700",Yes,29,35,Yes (opt),Yes,Yes,Yes,5★,TSP,4.0/5.0,24.3,46.0,0.152,0.126,"$3,800","$1,900","$2,250","$9,500"
2023,Toyota,Corolla Cross,L,Gas,1st Gen,"$24,400","$19,200",Yes,29,35,Yes (opt),Yes,Yes,Yes,5★,TSP,4.0/5.0,24.3,46.0,0.152,0.126,"$3,800","$1,700","$2,100","$8,000"
2023,Toyota,Corolla Cross,LE,Gas,1st Gen,"$26,900","$21,200",Yes,29,35,Yes (opt),Yes,Yes,Yes,5★,TSP,4.0/5.0,24.3,46.0,0.152,0.126,"$3,800","$1,700","$2,250","$9,000"
2023,Toyota,Corolla Cross,XSE,Gas,1st Gen,"$29,400","$23,700",Yes,29,35,Yes (opt),Yes,Yes,Yes,5★,TSP,4.0/5.0,24.3,46.0,0.152,0.126,"$3,800","$1,700","$2,250","$10,000"
2024,Toyota,Corolla Cross,L,Gas,1st Gen,"$24,800","$21,200",Yes,29,35,Yes (opt),Yes,Yes,Yes,5★,TSP,4.0/5.0,24.3,46.0,0.152,0.126,"$3,800","$1,600","$2,100","$9,000"
2024,Toyota,Corolla Cross,LE,Gas,1st Gen,"$27,300","$23,700",Yes,29,35,Yes (opt),Yes,Yes,Yes,5★,TSP,4.0/5.0,24.3,46.0,0.152,0.126,"$3,800","$1,600","$2,250","$10,000"
2024,Toyota,Corolla Cross,XSE,Gas,1st Gen,"$29,800","$26,200",Yes,29,35,Yes (opt),Yes,Yes,Yes,5★,TSP,4.0/5.0,24.3,46.0,0.152,0.126,"$3,800","$1,600","$2,250","$11,500"
2025,Toyota,Corolla Cross,L,Gas,1st Gen,"$25,200","$25,200",N/A - New,29,35,Yes (opt),Yes,Yes,Yes,5★,TSP,4.0/5.0,24.3,46.0,0.152,0.126,"$2,800","$1,100","$2,250","$11,500"
2025,Toyota,Corolla Cross,LE,Gas,1st Gen,"$27,700","$27,700",N/A - New,29,35,Yes (opt),Yes,Yes,Yes,5★,TSP,4.0/5.0,24.3,46.0,0.152,0.126,"$2,800","$1,100","$2,250","$12,500"
2025,Toyota,Corolla Cross,XSE,Gas,1st Gen,"$30,200","$30,200",N/A - New,29,35,Yes (opt),Yes,Yes,Yes,5★,TSP,4.0/5.0,24.3,46.0,0.152,0.126,"$2,800","$1,100","$2,400","$13,500"
2026,Toyota,Corolla Cross,L,Gas,1st Gen,"$25,600","$25,600",N/A - New,29,35,Yes (opt),Yes,Yes,Yes,5★,TSP,4.0/5.0,24.3,46.0,0.152,0.126,"$2,800","$1,100","$2,250","$11,500"
2026,Toyota,Corolla Cross,LE,Gas,1st Gen,"$28,100","$28,100",N/A - New,29,35,Yes (opt),Yes,Yes,Yes,5★,TSP,4.0/5.0,24.3,46.0,0.152,0.126,"$2,800","$1,100","$2,250","$13,000"
2026,Toyota,Corolla Cross,XSE,Gas,1st Gen,"$30,600","$30,600",N/A - New,29,35,Yes (opt),Yes,Yes,Yes,5★,TSP,4.0/5.0,24.3,46.0,0.152,0.126,"$2,800","$1,100","$2,400","$14,000"
2024,Toyota,Corolla Cross,S Hybrid,Hybrid,1st Gen,"$29,500","$27,200",Yes,45,38,Yes,Yes,Yes,Yes,5★,TSP,4.0/5.0,21.5,44.0,0.098,0.116,"$3,500","$1,500","$2,250","$12,000"
2024,Toyota,Corolla Cross,SE Hybrid,Hybrid,1st Gen,"$31,500","$28,700",Yes,45,38,Yes,Yes,Yes,Yes,5★,TSP,4.0/5.0,21.5,44.0,0.098,0.116,"$3,500","$1,500","$2,400","$12,500"
2024,Toyota,Corolla Cross,XSE Hybrid,Hybrid,1st Gen,"$33,000","$30,200",Yes,45,38,Yes,Yes,Yes,Yes,5★,TSP,4.0/5.0,21.5,44.0,0.098,0.116,"$3,500","$1,500","$2,400","$13,000"
2025,Toyota,Corolla Cross,S Hybrid,Hybrid,1st Gen,"$30,000","$30,000",N/A - New,45,38,Yes,Yes,Yes,Yes,5★,TSP,4.0/5.0,21.5,44.0,0.098,0.116,"$2,500","$1,100","$2,400","$13,500"
2025,Toyota,Corolla Cross,SE Hybrid,Hybrid,1st Gen,"$32,000","$32,000",N/A - New,45,38,Yes,Yes,Yes,Yes,5★,TSP,4.0/5.0,21.5,44.0,0.098,0.116,"$2,500","$1,100","$2,400","$14,500"
2025,Toyota,Corolla Cross,XSE Hybrid,Hybrid,1st Gen,"$33,500","$33,500",N/A - New,45,38,Yes,Yes,Yes,Yes,5★,TSP,4.0/5.0,21.5,44.0,0.098,0.116,"$2,500","$1,100","$2,400","$15,000"
2026,Toyota,Corolla Cross,S Hybrid,Hybrid,1st Gen,"$30,500","$30,500",N/A - New,46,38,Yes,Yes,Yes,Yes,5★,TSP,4.0/5.0,21.5,44.0,0.096,0.116,"$2,500","$1,100","$2,400","$14,000"
2026,Toyota,Corolla Cross,SE Hybrid,Hybrid,1st Gen,"$32,500","$32,500",N/A - New,46,38,Yes,Yes,Yes,Yes,5★,TSP,4.0/5.0,21.5,44.0,0.096,0.116,"$2,500","$1,100","$2,400","$15,000"
2026,Toyota,Corolla Cross,XSE Hybrid,Hybrid,1st Gen,"$34,000","$34,000",N/A - New,46,38,Yes,Yes,Yes,Yes,5★,TSP,4.0/5.0,21.5,44.0,0.096,0.116,"$2,500","$1,100","$2,400","$15,500"
2025,Subaru,Forester,Premium Hybrid,Hybrid,6th Gen,"$34,995","$34,995",N/A - New,35,34,Yes,Yes,Yes,No (touchscreen only - DEALBREAKER),,TSP+ (2024 criteria) / TSP (2025 criteria),N/A (new model),27.5,69.1,0.126,0.129,"$2,700","$1,600","$2,500","$15,500"
2025,Subaru,Forester,Sport Hybrid,Hybrid,6th Gen,"$37,995","$37,995",N/A - New,35,34,Yes,Yes,Yes,No (touchscreen only - DEALBREAKER),,TSP+ (2024 criteria) / TSP (2025 criteria),N/A (new model),27.5,69.1,0.126,0.129,"$2,700","$1,600","$2,650","$16,500"
2025,Subaru,Forester,Limited Hybrid,Hybrid,6th Gen,"$41,010","$41,010",N/A - New,35,34,Yes,Yes,Yes,No (touchscreen only - DEALBREAKER),,TSP+ (2024 criteria) / TSP (2025 criteria),N/A (new model),27.5,69.1,0.126,0.129,"$2,700","$1,600","$2,800","$18,000"
2025,Subaru,Forester,Touring Hybrid,Hybrid,6th Gen,"$43,295","$43,295",N/A - New,35,34,Yes,Yes,Yes,No (touchscreen only - DEALBREAKER),,TSP+ (2024 criteria) / TSP (2025 criteria),N/A (new model),27.5,69.1,0.126,0.129,"$2,700","$1,600","$2,800","$19,000"
2026,Subaru,Forester,Premium Hybrid,Hybrid,6th Gen,"$34,730","$34,730",N/A - New,35,34,Yes,Yes,Yes,No (touchscreen only - DEALBREAKER),,TSP+ (2024 criteria) / TSP (2025 criteria),N/A (new model),27.5,69.1,0.126,0.129,"$2,700","$1,600","$2,500","$15,000"
2026,Subaru,Forester,Sport Hybrid,Hybrid,6th Gen,"$37,930","$37,930",N/A - New,35,34,Yes,Yes,Yes,No (touchscreen only - DEALBREAKER),,TSP+ (2024 criteria) / TSP (2025 criteria),N/A (new model),27.5,69.1,0.126,0.129,"$2,700","$1,600","$2,650","$16,500"
2026,Subaru,Forester,Limited Hybrid,Hybrid,6th Gen,"$38,995","$38,995",N/A - New,35,34,Yes,Yes,Yes,No (touchscreen only - DEALBREAKER),,TSP+ (2024 criteria) / TSP (2025 criteria),N/A (new model),27.5,69.1,0.126,0.129,"$2,700","$1,600","$2,650","$17,000"
2026,Subaru,Forester,Touring Hybrid,Hybrid,6th Gen,"$41,545","$41,545",N/A - New,35,34,Yes,Yes,Yes,No (touchscreen only - DEALBREAKER),,TSP+ (2024 criteria) / TSP (2025 criteria),N/A (new model),27.5,69.1,0.126,0.129,"$2,700","$1,600","$2,800","$18,000"
